id;status_code;invoice_number;item_category;channel;order_date;delivery_date;amount
1;2;81550769424;Category_37;SHOP;07-07-2023 16:37;16-08-2023 09:34;57984
2;9;81835673005;Category_33;SHOP;24-08-2023 03:20;04-07-2023 00:48;34479
3;5;81719047727;Category_53;SHOP;23-08-2023 22:30;16-06-2023 21:08;27835
4;10;81843164505;Category_11;WEB;08-08-2023 21:05;30-08-2023 00:51;87802
5;3;81546905120;Category_5;WEB;30-07-2023 06:53;27-07-2023 08:52;24126
6;3;81479533945;Category_5;WEB;16-07-2023 05:26;07-08-2023 16:57;24378
7;5;81413325693;Category_42;SHOP;29-08-2023 23:06;22-07-2023 02:08;8328
8;9;81734748483;Category_55;WEB;02-06-2023 20:42;12-08-2023 23:34;79552
9;2;81347422116;Category_24;WEB;19-07-2023 06:16;06-07-2023 23:52;48071
10;8;81098935910;Category_87;WEB;20-08-2023 05:04;12-07-2023 16:35;98041
11;4;81134934032;Category_63;SHOP;04-06-2023 23:25;15-07-2023 11:33;34950
12;11;81172526296;Category_28;SHOP;29-06-2023 05:11;07-06-2023 21:49;73278
13;2;81762799416;Category_8;WEB;29-08-2023 16:02;15-08-2023 04:11;89075
14;5;81845492569;Category_31;SHOP;18-06-2023 18:19;09-07-2023 04:07;22117
15;5;81497330231;Category_78;SHOP;07-07-2023 05:29;30-06-2023 00:42;21091
16;7;81793099829;Category_18;WEB;29-08-2023 18:53;21-06-2023 05:09;44666
17;11;81983204869;Category_77;WEB;06-06-2023 14:53;08-08-2023 23:57;70064
18;9;81859187943;Category_76;WEB;22-08-2023 04:02;10-06-2023 09:46;78335
19;10;81306441226;Category_9;WEB;15-06-2023 18:33;21-07-2023 18:14;98864
20;3;81378237049;Category_98;WEB;17-07-2023 14:03;17-06-2023 11:42;78917
21;1;81048530213;Category_65;SHOP;17-07-2023 02:06;20-07-2023 09:48;79891
22;7;81619790669;Category_62;WEB;22-07-2023 20:50;11-06-2023 11:57;79505
23;10;81716040964;Category_87;WEB;25-06-2023 09:33;25-07-2023 02:12;27050
24;4;81093023143;Category_12;WEB;10-06-2023 00:07;20-07-2023 10:02;46093
25;6;81767465672;Category_30;SHOP;26-08-2023 11:44;18-08-2023 15:27;42691
26;10;81475779868;Category_3;WEB;01-07-2023 21:18;27-07-2023 15:31;71849
27;2;81705087729;Category_99;SHOP;20-08-2023 06:18;25-07-2023 10:45;14935
28;2;81263602328;Category_57;SHOP;22-07-2023 12:58;17-07-2023 07:25;41925
29;9;81651526568;Category_87;WEB;24-07-2023 10:36;28-06-2023 14:32;48358
30;1;81214066733;Category_61;WEB;31-07-2023 02:00;20-07-2023 17:34;49627
31;7;81641322330;Category_97;SHOP;18-06-2023 19:53;07-08-2023 16:44;79836
32;10;81805594553;Category_11;SHOP;03-06-2023 04:24;16-08-2023 20:57;83091
33;4;81052837999;Category_72;SHOP;26-06-2023 02:41;11-07-2023 16:53;10758
34;6;81418153564;Category_43;SHOP;16-07-2023 09:48;27-07-2023 11:33;92739
35;6;81136477733;Category_53;WEB;19-06-2023 05:34;17-07-2023 19:48;56650
36;7;81716016024;Category_55;WEB;19-08-2023 12:49;07-06-2023 15:36;14579
37;10;81872896855;Category_30;SHOP;15-07-2023 13:47;15-07-2023 20:39;1145
38;1;81033781443;Category_35;SHOP;13-07-2023 01:48;29-06-2023 07:55;77588
39;8;81720863739;Category_37;SHOP;22-08-2023 08:06;20-07-2023 17:51;39955
40;8;81117770301;Category_94;WEB;02-08-2023 11:07;22-06-2023 15:57;96687
41;11;81170294068;Category_78;SHOP;24-08-2023 18:59;14-07-2023 01:40;38169
42;2;81916926292;Category_95;SHOP;25-06-2023 02:13;05-06-2023 00:48;45838
43;6;81135696015;Category_84;SHOP;22-07-2023 01:59;04-08-2023 21:55;65120
44;10;81192114620;Category_39;WEB;25-07-2023 19:15;13-07-2023 18:30;70467
45;7;81835519202;Category_39;SHOP;15-07-2023 12:29;12-08-2023 14:50;74245
46;10;81387576678;Category_63;SHOP;05-07-2023 23:50;13-06-2023 06:02;75556
47;2;81606004135;Category_58;WEB;31-08-2023 12:48;22-07-2023 21:38;34890
48;10;81118886044;Category_69;SHOP;03-07-2023 08:19;28-06-2023 05:11;45992
49;5;81543882046;Category_29;WEB;27-08-2023 04:15;18-07-2023 12:57;38667
50;3;81829214412;Category_61;SHOP;19-08-2023 02:14;27-08-2023 14:06;47139
51;4;81420423952;Category_83;SHOP;14-07-2023 19:16;26-07-2023 18:56;20097
52;11;81798796050;Category_15;WEB;20-08-2023 08:56;03-07-2023 18:57;23896
53;9;81331196753;Category_60;WEB;28-08-2023 01:35;19-07-2023 14:28;21327
54;5;81211892241;Category_17;SHOP;07-08-2023 22:40;12-08-2023 19:49;85757
55;11;81853709831;Category_68;SHOP;04-06-2023 11:48;10-08-2023 09:29;91395
56;5;81826546206;Category_14;WEB;07-06-2023 17:30;24-08-2023 03:03;48382
57;8;81869492096;Category_4;SHOP;13-07-2023 15:15;07-07-2023 07:32;89639
58;3;81593532165;Category_57;SHOP;25-08-2023 06:36;05-08-2023 12:44;5402
59;8;81293294595;Category_87;SHOP;26-07-2023 10:51;20-08-2023 09:52;5838
60;5;81850037856;Category_26;SHOP;25-07-2023 21:13;08-06-2023 23:25;82843
61;6;81256123604;Category_63;SHOP;17-08-2023 15:36;16-08-2023 06:42;35945
62;9;81552219141;Category_10;WEB;05-07-2023 08:40;04-06-2023 19:24;19001
63;4;81330478195;Category_81;WEB;22-06-2023 11:33;18-07-2023 09:30;11939
64;5;81870075986;Category_23;SHOP;10-07-2023 23:08;23-08-2023 10:58;44687
65;8;81326533648;Category_34;SHOP;08-07-2023 16:03;29-06-2023 15:48;32019
66;10;81163772064;Category_93;WEB;16-06-2023 11:55;27-08-2023 05:08;93555
67;3;81063331935;Category_31;WEB;15-06-2023 09:28;03-06-2023 01:26;27381
68;7;81063029631;Category_41;SHOP;07-06-2023 14:28;15-07-2023 02:52;12064
69;10;81273746584;Category_98;SHOP;21-08-2023 07:24;04-08-2023 16:26;98289
70;8;81325567008;Category_90;SHOP;13-08-2023 06:27;01-08-2023 02:18;76442
71;8;81938333237;Category_53;WEB;24-07-2023 22:21;19-06-2023 12:35;35
72;9;81719950857;Category_76;WEB;13-08-2023 23:31;18-08-2023 09:09;293
73;6;81151093056;Category_99;SHOP;04-07-2023 07:42;02-07-2023 16:11;67195
74;1;81967275511;Category_84;WEB;16-07-2023 21:05;20-08-2023 21:35;40646
75;7;81015890630;Category_27;SHOP;28-07-2023 08:40;26-08-2023 17:22;4942
76;1;81997996774;Category_99;WEB;26-07-2023 12:42;24-07-2023 16:27;1591
77;7;81084322460;Category_39;WEB;11-08-2023 10:34;08-07-2023 15:19;16890
78;6;81305445389;Category_97;WEB;04-08-2023 22:53;29-08-2023 09:36;97854
79;7;81637238714;Category_61;WEB;02-06-2023 10:15;14-08-2023 00:08;17936
80;1;81360073895;Category_3;SHOP;09-06-2023 12:07;09-08-2023 04:08;33792
81;8;81489174219;Category_63;SHOP;31-07-2023 02:10;07-06-2023 10:34;68752
82;2;81829209367;Category_27;SHOP;10-07-2023 19:57;21-08-2023 15:26;11860
83;1;81795667237;Category_46;WEB;13-08-2023 23:14;11-08-2023 12:49;26916
84;8;81177417030;Category_41;WEB;09-06-2023 22:53;15-07-2023 10:57;86198
85;2;81906325057;Category_45;SHOP;19-08-2023 21:10;06-07-2023 18:16;60099
86;10;81742854424;Category_85;WEB;04-08-2023 13:35;10-07-2023 15:38;34641
87;10;81598167606;Category_99;WEB;24-08-2023 04:08;09-08-2023 00:45;55889
88;3;81527611652;Category_50;SHOP;23-07-2023 05:04;26-06-2023 23:05;6348
89;1;81704136636;Category_78;WEB;24-08-2023 10:29;05-07-2023 14:49;46182
90;8;81397605195;Category_81;SHOP;24-07-2023 11:14;23-08-2023 17:53;20360
91;4;81959699922;Category_42;WEB;10-06-2023 19:00;10-08-2023 00:16;36670
92;9;81118930187;Category_4;SHOP;28-06-2023 05:17;24-08-2023 01:41;52077
93;10;81972927470;Category_16;WEB;19-06-2023 13:21;07-07-2023 16:49;9256
94;6;81549890534;Category_0;WEB;01-08-2023 17:26;06-06-2023 06:03;65966
95;3;81532866691;Category_24;WEB;31-07-2023 04:18;16-07-2023 02:11;99733
96;9;81089013210;Category_80;WEB;26-07-2023 06:22;28-08-2023 02:20;56459
97;1;81946643611;Category_86;WEB;16-08-2023 17:33;03-07-2023 13:37;69421
98;6;81804324935;Category_14;SHOP;13-07-2023 12:34;12-07-2023 05:07;75965
99;4;81922556588;Category_21;WEB;22-07-2023 14:22;04-07-2023 20:30;30283
100;3;81367713016;Category_7;SHOP;03-07-2023 04:30;29-08-2023 04:24;71044
101;7;81459344357;Category_78;SHOP;08-07-2023 11:37;22-06-2023 22:46;76690
102;8;81567278611;Category_93;WEB;27-07-2023 20:59;12-08-2023 03:39;37401
103;1;81366922583;Category_36;SHOP;30-06-2023 15:14;19-06-2023 20:50;20307
104;6;81451426906;Category_26;WEB;26-08-2023 04:00;06-06-2023 14:38;67507
105;11;81387834763;Category_44;SHOP;14-06-2023 05:09;23-07-2023 18:01;26326
106;9;81459194756;Category_19;WEB;31-07-2023 13:40;25-08-2023 10:33;68935
107;6;81208518803;Category_36;SHOP;28-08-2023 09:29;03-07-2023 02:03;23726
108;2;81414515265;Category_25;WEB;24-08-2023 23:44;28-07-2023 10:58;52914
109;11;81120978672;Category_81;WEB;03-06-2023 08:29;04-06-2023 00:24;18195
110;8;81033018762;Category_79;SHOP;09-07-2023 13:47;23-07-2023 19:12;16220
111;1;81653518010;Category_67;WEB;21-08-2023 15:50;10-07-2023 12:44;27132
112;6;81272648142;Category_89;WEB;24-07-2023 11:46;16-08-2023 11:40;34829
113;8;81716008890;Category_96;WEB;02-06-2023 10:30;10-08-2023 06:43;18778
114;2;81673383388;Category_14;SHOP;13-06-2023 15:43;29-08-2023 00:16;95309
115;1;81433925306;Category_32;WEB;20-06-2023 17:29;03-08-2023 19:49;97068
116;9;81969161687;Category_80;WEB;21-06-2023 05:03;29-07-2023 01:44;37991
117;6;81023435390;Category_82;SHOP;20-07-2023 06:46;20-06-2023 07:31;17106
118;9;81731004319;Category_90;SHOP;15-08-2023 12:02;11-08-2023 12:30;569
119;8;81291056883;Category_11;WEB;07-06-2023 01:37;29-06-2023 20:21;91049
120;11;81782300382;Category_75;WEB;05-08-2023 01:24;08-06-2023 10:49;45464
121;3;81162609562;Category_20;WEB;13-06-2023 20:06;19-06-2023 00:19;90625
122;11;81277600709;Category_3;WEB;29-08-2023 21:30;15-08-2023 21:53;36984
123;6;81988384308;Category_7;SHOP;28-08-2023 04:31;09-08-2023 02:10;29789
124;4;81872153230;Category_51;WEB;30-06-2023 02:19;20-06-2023 12:33;97146
125;11;81120133570;Category_10;SHOP;15-07-2023 04:48;14-06-2023 05:46;23533
126;11;81857427499;Category_80;WEB;30-08-2023 02:02;23-06-2023 05:28;5083
127;7;81721369971;Category_56;SHOP;03-07-2023 17:25;20-08-2023 15:01;37326
128;3;81302714341;Category_66;WEB;19-06-2023 21:20;07-07-2023 02:25;41351
129;9;81575069847;Category_82;SHOP;25-08-2023 03:30;12-08-2023 17:33;39885
130;3;81499441697;Category_0;WEB;31-08-2023 13:06;03-08-2023 11:43;24301
131;7;81910134728;Category_67;SHOP;02-07-2023 06:14;17-07-2023 04:55;48592
132;3;81112020247;Category_9;SHOP;15-06-2023 09:33;21-08-2023 07:44;75492
133;4;81648603306;Category_72;SHOP;09-08-2023 15:51;04-08-2023 01:04;16515
134;6;81488840429;Category_66;SHOP;05-08-2023 09:06;29-06-2023 14:58;63711
135;5;81284020253;Category_46;SHOP;12-08-2023 04:36;05-07-2023 16:30;89116
136;2;81702683073;Category_0;WEB;31-08-2023 22:48;14-07-2023 23:21;17744
137;11;81927764297;Category_19;WEB;28-06-2023 19:45;25-07-2023 16:28;95267
138;1;81818524585;Category_48;WEB;18-06-2023 23:52;04-07-2023 03:38;48509
139;4;81182529582;Category_47;SHOP;14-08-2023 07:42;22-07-2023 15:06;89730
140;3;81351606021;Category_22;WEB;24-07-2023 12:28;19-08-2023 06:42;3717
141;8;81849028634;Category_16;SHOP;23-07-2023 08:31;13-06-2023 00:55;83562
142;6;81955620602;Category_53;WEB;07-08-2023 22:55;20-08-2023 21:13;12067
143;11;81256034521;Category_88;WEB;19-07-2023 03:18;10-06-2023 17:13;10557
144;3;81803591140;Category_4;WEB;16-07-2023 04:51;04-08-2023 10:32;3086
145;4;81016410630;Category_84;WEB;07-07-2023 15:40;18-07-2023 03:13;18755
146;8;81079046656;Category_23;SHOP;14-07-2023 22:17;18-08-2023 16:48;90032
147;3;81956135623;Category_61;WEB;03-08-2023 06:16;11-06-2023 00:34;98965
148;2;81896521964;Category_85;WEB;19-08-2023 10:26;17-06-2023 14:08;48388
149;10;81077248465;Category_31;SHOP;09-08-2023 09:45;16-06-2023 05:55;78995
150;1;81201512270;Category_49;SHOP;01-06-2023 19:06;24-07-2023 09:05;2859
151;3;81143369610;Category_24;SHOP;23-08-2023 13:03;30-06-2023 15:43;88675
152;9;81158839543;Category_53;SHOP;01-08-2023 16:28;20-08-2023 09:06;52842
153;11;81506722446;Category_42;WEB;10-06-2023 21:27;10-06-2023 06:33;8160
154;6;81551441240;Category_26;SHOP;19-08-2023 14:09;06-06-2023 17:57;91729
155;1;81422715683;Category_52;SHOP;31-07-2023 09:59;24-06-2023 22:02;43760
156;9;81298457861;Category_99;WEB;12-07-2023 02:31;30-08-2023 06:37;13956
157;3;81704582270;Category_13;SHOP;08-07-2023 23:54;29-07-2023 01:56;85768
158;6;81519793647;Category_77;WEB;20-06-2023 22:14;31-07-2023 05:47;56122
159;11;81045721437;Category_85;SHOP;13-06-2023 03:37;25-06-2023 17:17;5789
160;6;81543511888;Category_21;WEB;15-07-2023 11:22;14-07-2023 15:33;67927
161;7;81521054990;Category_95;WEB;27-06-2023 16:01;14-08-2023 16:32;61520
162;3;81786435010;Category_28;SHOP;10-06-2023 02:27;22-06-2023 19:16;45486
163;4;81294393931;Category_76;WEB;13-08-2023 14:26;11-06-2023 05:14;51397
164;10;81880944721;Category_1;SHOP;05-08-2023 10:18;07-07-2023 08:08;37402
165;9;81995517523;Category_46;SHOP;11-07-2023 11:45;30-07-2023 08:19;5663
166;3;81245779811;Category_13;WEB;15-08-2023 09:34;03-08-2023 02:21;15689
167;5;81669399842;Category_8;WEB;17-07-2023 09:58;03-06-2023 00:10;55682
168;4;81333981403;Category_90;WEB;15-06-2023 22:21;06-06-2023 17:39;51037
169;8;81306444656;Category_64;SHOP;15-07-2023 14:46;29-06-2023 03:23;29402
170;1;81689051635;Category_40;SHOP;05-07-2023 05:08;06-07-2023 01:21;47358
171;11;81173796856;Category_97;SHOP;22-08-2023 10:32;08-07-2023 00:43;93907
172;3;81375947815;Category_88;SHOP;22-08-2023 23:38;02-07-2023 20:06;58334
173;2;81434082226;Category_1;WEB;02-07-2023 00:20;28-08-2023 08:26;78671
174;3;81052801397;Category_63;WEB;23-07-2023 14:54;09-06-2023 06:29;50142
175;10;81871387199;Category_35;SHOP;25-06-2023 07:07;31-07-2023 01:18;77492
176;7;81892610326;Category_51;WEB;05-08-2023 01:24;26-08-2023 20:42;42725
177;2;81385558933;Category_86;SHOP;27-08-2023 21:58;11-08-2023 04:39;95375
178;3;81093551156;Category_66;WEB;13-07-2023 00:26;14-06-2023 06:15;40103
179;3;81688739196;Category_89;SHOP;17-07-2023 23:04;10-06-2023 19:50;60621
180;9;81375051180;Category_76;WEB;07-08-2023 18:39;21-08-2023 08:26;41472
181;1;81156333318;Category_24;SHOP;04-08-2023 19:40;08-06-2023 08:40;44164
182;1;81611779170;Category_69;SHOP;04-06-2023 13:25;26-06-2023 17:20;84576
183;6;81089574559;Category_88;WEB;12-07-2023 12:43;28-06-2023 10:53;64950
184;3;81607237730;Category_78;WEB;09-07-2023 00:58;18-07-2023 17:46;43804
185;9;81724853729;Category_12;SHOP;17-08-2023 07:20;06-07-2023 12:00;53649
186;9;81014072373;Category_75;SHOP;13-06-2023 21:29;10-07-2023 11:06;86758
187;10;81792772035;Category_20;WEB;18-07-2023 18:57;13-08-2023 14:54;7268
188;6;81103719788;Category_64;WEB;08-07-2023 11:45;13-07-2023 16:02;32567
189;5;81981926589;Category_47;SHOP;26-07-2023 00:35;31-07-2023 20:00;12916
190;2;81833801095;Category_97;SHOP;29-06-2023 17:42;22-08-2023 06:00;22023
191;1;81226892450;Category_47;SHOP;07-08-2023 10:55;20-06-2023 22:26;82367
192;4;81142061715;Category_89;WEB;06-08-2023 00:51;09-06-2023 09:31;73237
193;2;81597379010;Category_89;WEB;26-07-2023 22:54;15-07-2023 13:08;41562
194;9;81611374700;Category_9;WEB;05-08-2023 23:36;23-06-2023 01:17;52601
195;2;81833747603;Category_62;SHOP;16-06-2023 14:02;08-06-2023 02:41;78320
196;6;81807641517;Category_87;WEB;23-06-2023 14:04;29-06-2023 03:04;48255
197;7;81366905580;Category_83;WEB;24-06-2023 06:54;09-07-2023 13:50;26598
198;9;81364311959;Category_78;SHOP;08-06-2023 16:02;17-06-2023 21:32;79218
199;4;81842486301;Category_12;SHOP;01-07-2023 17:20;13-08-2023 03:15;14225
200;7;81301770206;Category_53;WEB;03-08-2023 23:22;17-07-2023 17:04;32620
201;2;81640222217;Category_62;WEB;26-06-2023 17:30;03-08-2023 00:22;52562
202;10;81875389890;Category_76;WEB;15-06-2023 02:18;02-06-2023 23:19;95587
203;1;81950951363;Category_53;SHOP;03-07-2023 22:27;02-08-2023 01:56;72679
204;8;81137910608;Category_87;WEB;24-07-2023 01:54;12-07-2023 16:50;12299
205;3;81943484974;Category_71;SHOP;09-08-2023 14:44;12-06-2023 10:30;57617
206;2;81234783836;Category_4;WEB;24-06-2023 14:17;28-07-2023 12:16;50923
207;10;81208991631;Category_90;WEB;06-06-2023 11:43;12-06-2023 18:34;68370
208;5;81119823050;Category_85;WEB;04-08-2023 10:30;05-07-2023 16:20;98941
209;10;81593602846;Category_90;SHOP;23-08-2023 00:35;27-08-2023 20:04;77910
210;10;81659182503;Category_29;SHOP;17-06-2023 13:01;26-06-2023 02:04;71475
211;4;81934030646;Category_16;WEB;25-08-2023 12:08;01-07-2023 16:36;7464
212;6;81486825600;Category_89;WEB;31-08-2023 03:36;02-06-2023 13:39;63080
213;8;81628516064;Category_24;SHOP;27-08-2023 15:19;11-06-2023 20:38;9310
214;4;81071856143;Category_15;WEB;16-06-2023 17:52;23-08-2023 21:47;54558
215;11;81743707110;Category_80;SHOP;04-07-2023 11:22;13-06-2023 16:15;10239
216;9;81535326184;Category_22;WEB;09-07-2023 10:21;20-08-2023 07:12;73732
217;7;81345953939;Category_90;WEB;03-08-2023 18:23;28-07-2023 22:55;99251
218;1;81963316094;Category_75;WEB;06-06-2023 12:24;06-08-2023 00:55;43719
219;5;81171703995;Category_65;WEB;25-06-2023 12:17;11-06-2023 03:35;58421
220;3;81890024005;Category_4;SHOP;22-08-2023 12:10;03-07-2023 06:13;88393
221;6;81689501433;Category_75;SHOP;03-08-2023 01:42;14-08-2023 20:22;29826
222;11;81396048706;Category_63;WEB;19-06-2023 19:37;06-08-2023 06:04;31994
223;1;81374979493;Category_71;SHOP;07-08-2023 04:01;08-08-2023 18:57;97518
224;9;81714941479;Category_21;SHOP;23-08-2023 14:34;17-06-2023 16:45;85275
225;6;81420308452;Category_95;WEB;19-06-2023 15:34;26-08-2023 20:08;86855
226;6;81926906660;Category_70;SHOP;09-06-2023 20:03;26-07-2023 10:12;9517
227;8;81968710172;Category_30;SHOP;12-07-2023 23:28;15-06-2023 16:58;90774
228;2;81069939048;Category_64;WEB;13-06-2023 15:40;02-07-2023 11:31;24623
229;7;81984930011;Category_67;SHOP;14-08-2023 00:25;13-08-2023 19:02;76378
230;5;81674071713;Category_52;SHOP;29-07-2023 02:27;06-07-2023 01:47;24515
231;2;81333764525;Category_44;SHOP;22-07-2023 21:07;21-08-2023 15:51;48334
232;4;81337348633;Category_84;WEB;25-06-2023 19:50;02-08-2023 01:22;64115
233;1;81033567285;Category_25;SHOP;01-06-2023 23:50;08-08-2023 18:51;11601
234;2;81826258383;Category_0;SHOP;02-08-2023 22:59;18-06-2023 17:19;81952
235;1;81137461206;Category_34;SHOP;30-06-2023 18:54;24-06-2023 21:08;15534
236;11;81442631586;Category_92;SHOP;02-07-2023 17:50;06-06-2023 05:33;98073
237;6;81101373726;Category_84;WEB;23-06-2023 23:03;05-08-2023 17:13;7034
238;1;81574813160;Category_78;SHOP;25-06-2023 12:19;16-06-2023 00:42;13047
239;5;81101406656;Category_62;SHOP;22-06-2023 16:41;04-07-2023 13:18;97433
240;9;81673226233;Category_88;SHOP;29-08-2023 17:06;07-06-2023 00:06;46164
241;2;81159661628;Category_69;SHOP;26-08-2023 03:15;31-07-2023 14:59;24579
242;11;81647744415;Category_51;SHOP;29-07-2023 16:13;01-07-2023 06:08;12
243;10;81485323566;Category_27;SHOP;05-06-2023 05:07;08-06-2023 01:57;962
244;2;81980310748;Category_71;WEB;16-08-2023 20:25;13-06-2023 09:45;73621
245;7;81721499278;Category_45;SHOP;12-06-2023 13:24;16-08-2023 14:12;48216
246;2;81116213715;Category_78;WEB;10-06-2023 20:34;24-06-2023 15:59;87763
247;8;81415792358;Category_34;SHOP;09-06-2023 16:07;06-07-2023 15:18;85052
248;1;81836410109;Category_12;SHOP;26-08-2023 07:33;14-06-2023 15:19;2679
249;3;81422457010;Category_29;WEB;25-06-2023 21:38;23-07-2023 19:11;43602
250;9;81643006463;Category_58;WEB;26-06-2023 04:49;03-07-2023 13:01;15805
251;6;81692227759;Category_99;WEB;30-08-2023 16:02;11-07-2023 13:04;76396
252;10;81557672820;Category_88;WEB;17-08-2023 09:20;04-06-2023 11:04;43643
253;4;81257035966;Category_76;SHOP;25-06-2023 11:44;09-06-2023 07:56;24778
254;4;81811111718;Category_12;WEB;15-06-2023 23:02;23-06-2023 03:26;88540
255;1;81500491222;Category_9;SHOP;05-08-2023 03:52;18-08-2023 21:32;91299
256;9;81800832323;Category_75;SHOP;29-07-2023 19:39;07-08-2023 02:36;39119
257;2;81106868000;Category_74;SHOP;30-08-2023 12:23;21-08-2023 10:48;15595
258;3;81285270774;Category_50;WEB;07-06-2023 14:32;10-08-2023 22:36;47472
259;10;81738064984;Category_56;WEB;13-08-2023 04:59;06-06-2023 17:04;517
260;3;81338478676;Category_15;SHOP;21-07-2023 05:55;16-06-2023 16:21;47833
261;3;81189812329;Category_99;WEB;01-07-2023 08:09;16-06-2023 11:13;47146
262;1;81749672567;Category_70;SHOP;11-07-2023 18:46;17-08-2023 13:03;21169
263;8;81306052719;Category_17;SHOP;19-07-2023 20:13;14-08-2023 14:29;41241
264;7;81240170543;Category_16;SHOP;17-07-2023 03:00;07-07-2023 17:53;91398
265;8;81086443014;Category_73;SHOP;13-07-2023 17:03;07-07-2023 10:26;4362
266;4;81359257662;Category_64;WEB;06-08-2023 04:03;05-06-2023 23:34;20427
267;5;81369905538;Category_68;SHOP;13-08-2023 07:59;28-07-2023 11:10;8866
268;9;81384817485;Category_8;WEB;01-08-2023 17:13;20-08-2023 12:20;25215
269;4;81464157843;Category_15;WEB;09-07-2023 11:32;17-07-2023 16:38;47721
270;1;81599150026;Category_31;SHOP;12-08-2023 22:32;23-07-2023 10:50;36435
271;6;81250187225;Category_93;WEB;23-08-2023 03:06;07-07-2023 00:05;44661
272;9;81004258409;Category_57;SHOP;04-06-2023 13:09;05-06-2023 15:47;99232
273;3;81608364497;Category_2;WEB;24-08-2023 23:17;30-08-2023 19:53;81587
274;9;81672389913;Category_4;SHOP;17-06-2023 23:47;16-06-2023 08:35;20285
275;3;81633704252;Category_38;WEB;01-06-2023 14:41;29-08-2023 17:42;65791
276;11;81401648633;Category_97;WEB;15-07-2023 22:01;27-07-2023 08:05;67963
277;8;81512366747;Category_30;SHOP;23-07-2023 07:53;03-06-2023 03:23;9740
278;11;81192722813;Category_11;WEB;09-07-2023 05:10;18-07-2023 14:25;67608
279;2;81236423493;Category_40;SHOP;10-06-2023 02:18;26-07-2023 11:56;55375
280;2;81961146319;Category_17;SHOP;22-06-2023 09:44;15-08-2023 20:59;51405
281;11;81708292776;Category_36;WEB;11-06-2023 23:54;21-06-2023 00:11;80976
282;3;81956890930;Category_13;SHOP;12-08-2023 21:01;14-06-2023 01:51;13914
283;11;81916919736;Category_1;SHOP;10-08-2023 21:00;02-06-2023 09:13;8404
284;10;81047599783;Category_85;WEB;21-06-2023 13:30;07-08-2023 08:08;49788
285;6;81351207616;Category_72;WEB;28-07-2023 13:48;30-07-2023 03:13;96923
286;6;81510436384;Category_55;SHOP;22-07-2023 04:34;27-08-2023 13:04;42103
287;11;81090704967;Category_19;SHOP;31-08-2023 10:49;05-06-2023 10:46;42286
288;6;81980417404;Category_24;SHOP;16-07-2023 15:42;27-08-2023 06:51;95803
289;3;81281048094;Category_97;WEB;19-07-2023 22:20;21-06-2023 02:04;27695
290;1;81457144452;Category_39;SHOP;21-08-2023 02:55;09-06-2023 22:51;76425
291;6;81948095335;Category_46;SHOP;31-07-2023 08:09;12-06-2023 03:30;57948
292;5;81268489630;Category_91;WEB;31-08-2023 13:09;07-07-2023 04:25;46812
293;5;81223588055;Category_6;WEB;08-07-2023 11:04;16-07-2023 16:21;49073
294;6;81872512496;Category_98;SHOP;03-07-2023 04:36;25-08-2023 09:41;77044
295;5;81175794093;Category_38;SHOP;14-08-2023 21:04;20-08-2023 12:51;68944
296;11;81337259622;Category_45;WEB;24-08-2023 05:13;18-06-2023 02:46;10957
297;4;81526198349;Category_17;SHOP;04-06-2023 18:19;20-06-2023 08:58;24826
298;1;81314963635;Category_42;SHOP;18-08-2023 04:34;12-06-2023 01:16;76217
299;7;81222995514;Category_86;WEB;30-06-2023 04:27;21-06-2023 19:03;44314
300;7;81340250018;Category_44;SHOP;16-08-2023 04:21;15-06-2023 03:35;30219
301;1;81380344512;Category_47;WEB;21-08-2023 05:15;06-06-2023 03:04;65475
302;8;81295015763;Category_89;SHOP;14-08-2023 20:57;11-06-2023 21:05;66940
303;7;81581873645;Category_81;SHOP;16-06-2023 08:14;13-06-2023 01:50;70974
304;1;81874353767;Category_28;WEB;23-07-2023 02:52;28-06-2023 00:13;24708
305;9;81751467143;Category_76;WEB;09-07-2023 06:00;20-07-2023 03:08;50453
306;3;81079202052;Category_36;SHOP;08-07-2023 19:21;29-07-2023 16:56;82995
307;8;81663767382;Category_3;WEB;17-08-2023 19:48;16-07-2023 18:22;38263
308;3;81478925739;Category_49;SHOP;05-08-2023 15:50;11-06-2023 17:52;73000
309;4;81163331629;Category_57;SHOP;26-06-2023 11:18;09-08-2023 03:11;38972
310;3;81163846438;Category_18;SHOP;08-06-2023 10:54;23-06-2023 14:59;55460
311;2;81667696794;Category_77;WEB;23-08-2023 23:28;25-08-2023 13:14;90781
312;8;81958010747;Category_36;WEB;11-06-2023 03:02;04-06-2023 07:24;76194
313;11;81175154282;Category_42;WEB;29-07-2023 09:32;19-07-2023 05:40;80520
314;1;81884007518;Category_23;WEB;07-08-2023 14:54;08-07-2023 20:17;17228
315;10;81041666255;Category_54;SHOP;26-08-2023 08:46;16-06-2023 23:19;74408
316;10;81583234068;Category_15;WEB;31-08-2023 07:22;21-07-2023 23:01;88783
317;9;81937563704;Category_59;WEB;15-07-2023 23:34;25-07-2023 00:10;67291
318;10;81927697733;Category_5;WEB;30-07-2023 19:54;05-08-2023 12:47;63525
319;10;81463555054;Category_51;SHOP;06-08-2023 16:18;18-06-2023 21:14;59371
320;1;81976141034;Category_13;SHOP;28-08-2023 23:53;19-07-2023 20:56;89812
321;6;81783567954;Category_21;SHOP;03-07-2023 21:39;18-07-2023 00:30;39403
322;4;81448464998;Category_32;WEB;16-06-2023 21:03;17-08-2023 23:39;73668
323;11;81411241502;Category_85;SHOP;15-06-2023 06:56;25-08-2023 17:09;44318
324;5;81893612906;Category_69;WEB;01-07-2023 07:40;07-06-2023 04:07;13324
325;2;81718910589;Category_83;SHOP;21-08-2023 17:50;31-07-2023 14:51;67748
326;4;81909613419;Category_18;SHOP;21-07-2023 08:03;21-07-2023 14:05;9125
327;11;81661594926;Category_26;WEB;21-06-2023 06:49;05-07-2023 22:26;15975
328;2;81432397390;Category_59;SHOP;12-06-2023 05:22;06-08-2023 04:30;14004
329;8;81132461790;Category_94;SHOP;21-06-2023 15:52;24-08-2023 07:18;40875
330;7;81901016182;Category_28;SHOP;25-07-2023 08:54;30-06-2023 09:25;54523
331;2;81352575803;Category_2;WEB;28-06-2023 09:38;22-06-2023 02:16;64993
332;3;81328885128;Category_2;WEB;13-08-2023 22:47;29-07-2023 20:13;23463
333;1;81389350810;Category_14;WEB;26-07-2023 09:15;07-08-2023 13:45;49527
334;3;81709758609;Category_22;SHOP;05-07-2023 07:25;22-08-2023 21:56;70585
335;10;81372046672;Category_86;WEB;19-06-2023 10:55;10-06-2023 22:28;78494
336;8;81910471868;Category_64;WEB;04-08-2023 10:27;14-08-2023 02:38;94901
337;9;81787527163;Category_2;WEB;19-07-2023 13:17;19-08-2023 12:23;65441
338;10;81424598879;Category_70;WEB;26-08-2023 17:19;02-08-2023 09:05;4318
339;10;81766213733;Category_96;SHOP;06-07-2023 04:05;17-06-2023 13:31;3378
340;4;81840007121;Category_50;SHOP;08-07-2023 17:22;15-06-2023 09:48;19603
341;4;81273488118;Category_70;WEB;13-07-2023 06:02;02-08-2023 10:49;6558
342;7;81536300002;Category_59;SHOP;06-06-2023 02:09;21-06-2023 22:52;19763
343;10;81679767123;Category_64;SHOP;20-08-2023 11:47;11-08-2023 08:17;71704
344;10;81660590154;Category_9;SHOP;03-08-2023 07:02;03-07-2023 11:57;55165
345;5;81039309546;Category_53;WEB;22-07-2023 13:17;02-07-2023 10:34;92068
346;1;81039533920;Category_4;WEB;15-08-2023 01:05;03-07-2023 21:39;22401
347;9;81838727247;Category_57;WEB;15-07-2023 21:24;21-08-2023 19:19;41896
348;9;81021045585;Category_0;SHOP;20-07-2023 21:47;14-06-2023 09:18;61639
349;3;81165961633;Category_68;WEB;25-08-2023 18:10;15-07-2023 08:23;64675
350;1;81215764945;Category_5;WEB;24-06-2023 19:36;12-08-2023 12:11;89816
351;3;81228234542;Category_46;WEB;21-06-2023 01:09;12-06-2023 04:45;90326
352;4;81631613678;Category_83;SHOP;24-08-2023 17:20;30-06-2023 01:51;65436
353;1;81034901483;Category_48;SHOP;21-07-2023 17:16;04-08-2023 11:34;84122
354;3;81544796319;Category_45;WEB;14-08-2023 03:52;05-07-2023 09:40;71417
355;8;81557886159;Category_91;WEB;25-08-2023 00:12;15-07-2023 07:47;51932
356;4;81960537110;Category_9;WEB;30-08-2023 08:20;20-06-2023 04:00;89448
357;2;81729239188;Category_14;SHOP;25-06-2023 12:49;13-08-2023 08:00;7476
358;7;81312744130;Category_41;WEB;04-08-2023 17:09;21-07-2023 10:39;37451
359;9;81203333921;Category_51;WEB;23-08-2023 15:31;01-08-2023 10:45;42427
360;6;81397825315;Category_48;SHOP;11-07-2023 04:47;16-08-2023 17:26;57503
361;9;81517810728;Category_93;WEB;24-07-2023 02:19;25-08-2023 22:51;75232
362;10;81734918181;Category_27;SHOP;29-07-2023 18:43;30-07-2023 09:40;44430
363;4;81590996803;Category_88;SHOP;10-08-2023 19:53;20-08-2023 16:02;36371
364;7;81323611645;Category_40;SHOP;25-07-2023 15:31;26-06-2023 16:10;7020
365;9;81448842980;Category_63;SHOP;12-06-2023 15:25;17-07-2023 08:27;58280
366;8;81866227721;Category_84;WEB;07-07-2023 11:29;11-08-2023 06:20;25173
367;4;81139141879;Category_75;SHOP;30-07-2023 11:53;23-07-2023 15:01;39219
368;10;81209830180;Category_17;SHOP;15-06-2023 12:01;13-07-2023 08:21;94577
369;7;81584954753;Category_22;WEB;30-06-2023 16:25;26-08-2023 15:53;36046
370;3;81777817221;Category_66;SHOP;07-06-2023 17:24;06-08-2023 14:20;13274
371;10;81288004187;Category_52;WEB;03-07-2023 20:41;17-07-2023 21:02;84898
372;9;81518089151;Category_87;SHOP;20-08-2023 02:17;08-07-2023 18:50;43872
373;10;81923539499;Category_80;WEB;21-08-2023 19:37;19-07-2023 00:29;28705
374;11;81464300191;Category_37;WEB;15-08-2023 17:28;28-06-2023 03:23;17257
375;3;81176164923;Category_87;SHOP;15-06-2023 07:32;09-08-2023 01:13;46613
376;1;81403675380;Category_87;SHOP;15-07-2023 16:43;16-06-2023 03:49;15320
377;9;81801090230;Category_26;SHOP;30-07-2023 15:02;15-07-2023 19:57;30305
378;6;81728745997;Category_0;SHOP;27-08-2023 21:10;25-07-2023 22:47;66552
379;9;81169578898;Category_96;SHOP;22-07-2023 00:55;25-08-2023 08:00;51131
380;6;81535006407;Category_56;WEB;15-08-2023 16:09;11-07-2023 15:42;67998
381;6;81267164305;Category_61;WEB;27-08-2023 11:57;12-07-2023 16:00;85663
382;9;81356639745;Category_9;WEB;16-08-2023 04:34;23-07-2023 21:41;22521
383;9;81898682506;Category_17;SHOP;23-08-2023 04:19;29-06-2023 19:09;47284
384;4;81745535703;Category_50;WEB;04-07-2023 10:10;28-06-2023 03:16;9554
385;11;81931863966;Category_20;SHOP;29-08-2023 12:22;31-08-2023 18:23;10728
386;5;81546634420;Category_99;WEB;06-08-2023 15:05;29-08-2023 19:19;55515
387;2;81391684001;Category_40;WEB;21-08-2023 00:06;09-08-2023 08:44;90740
388;2;81884275861;Category_49;WEB;19-06-2023 02:02;11-08-2023 23:31;80881
389;1;81235608132;Category_3;WEB;02-06-2023 11:53;19-06-2023 07:22;68726
390;8;81108684498;Category_86;SHOP;13-07-2023 21:33;22-06-2023 00:36;31488
391;1;81645131281;Category_12;SHOP;24-07-2023 22:24;09-06-2023 04:01;48123
392;7;81599411384;Category_8;WEB;17-07-2023 11:29;22-08-2023 19:01;59767
393;6;81325091690;Category_77;WEB;10-07-2023 08:04;29-07-2023 03:32;26980
394;2;81828815108;Category_50;WEB;28-06-2023 21:16;22-08-2023 13:26;21834
395;8;81352424078;Category_86;SHOP;05-08-2023 19:37;13-07-2023 18:48;83719
396;7;81167213248;Category_17;SHOP;13-07-2023 00:11;14-07-2023 07:39;38199
397;9;81599467374;Category_26;WEB;23-06-2023 07:48;30-06-2023 23:21;26038
398;1;81965138875;Category_79;SHOP;18-07-2023 15:39;02-06-2023 10:35;58050
399;6;81572284833;Category_24;WEB;27-07-2023 05:41;30-07-2023 21:01;1108
400;1;81246327281;Category_83;SHOP;24-06-2023 15:59;12-06-2023 16:07;35572
401;8;81681852563;Category_85;SHOP;10-07-2023 17:57;19-07-2023 23:50;25715
402;7;81583371610;Category_61;WEB;09-08-2023 21:42;17-08-2023 23:51;36406
403;6;81400739964;Category_0;SHOP;01-06-2023 10:19;26-08-2023 09:27;76968
404;7;81923848077;Category_82;WEB;22-07-2023 01:28;25-07-2023 21:32;24070
405;9;81691465335;Category_43;WEB;10-08-2023 23:08;30-06-2023 07:23;64160
406;3;81518721999;Category_48;WEB;19-08-2023 16:59;19-06-2023 21:44;46074
407;7;81055804589;Category_62;WEB;26-06-2023 17:33;05-08-2023 03:26;49301
408;10;81831013630;Category_89;SHOP;29-08-2023 14:10;11-06-2023 20:21;86732
409;5;81212341861;Category_93;WEB;21-07-2023 00:22;03-07-2023 14:32;92649
410;4;81552327892;Category_60;WEB;28-08-2023 06:04;21-08-2023 22:42;64749
411;7;81727038827;Category_66;WEB;17-08-2023 05:23;20-08-2023 14:44;12447
412;2;81946604403;Category_90;SHOP;07-08-2023 07:13;23-06-2023 19:56;61360
413;2;81380741070;Category_49;SHOP;04-07-2023 18:03;10-08-2023 02:19;21594
414;6;81150246598;Category_69;WEB;21-06-2023 03:41;23-07-2023 22:23;7559
415;11;81511396621;Category_50;WEB;22-07-2023 19:08;04-07-2023 12:55;31383
416;4;81171282276;Category_55;SHOP;19-07-2023 09:26;12-06-2023 23:18;42120
417;9;81578393417;Category_32;WEB;12-07-2023 15:10;27-06-2023 12:36;80991
418;11;81411591381;Category_65;SHOP;28-07-2023 03:28;16-08-2023 00:34;69420
419;2;81963972507;Category_17;WEB;24-08-2023 21:00;08-08-2023 00:34;20911
420;3;81115515954;Category_15;SHOP;30-08-2023 14:33;28-08-2023 08:58;58555
421;10;81255026186;Category_71;WEB;09-06-2023 19:30;22-07-2023 00:05;14830
422;10;81785012918;Category_36;WEB;17-08-2023 09:10;11-08-2023 13:08;35706
423;9;81862822563;Category_1;SHOP;18-07-2023 02:21;14-07-2023 15:34;98031
424;6;81210709422;Category_5;WEB;21-07-2023 19:41;06-06-2023 09:20;8746
425;7;81287308911;Category_84;WEB;14-06-2023 04:51;17-06-2023 03:05;35000
426;1;81142585871;Category_5;SHOP;21-08-2023 04:30;18-06-2023 13:32;77095
427;5;81177931935;Category_43;WEB;28-06-2023 06:52;17-06-2023 10:14;59842
428;10;81779786641;Category_32;SHOP;20-07-2023 13:03;10-06-2023 14:15;85334
429;6;81745381067;Category_41;SHOP;08-07-2023 05:54;26-06-2023 08:18;94881
430;1;81657660101;Category_0;SHOP;02-06-2023 18:07;28-08-2023 07:19;7672
431;1;81299800903;Category_45;SHOP;06-07-2023 03:56;13-07-2023 05:44;86303
432;8;81585075894;Category_20;SHOP;30-07-2023 21:57;03-08-2023 10:39;55503
433;8;81713899157;Category_42;WEB;08-08-2023 21:07;15-07-2023 12:44;83004
434;8;81999930280;Category_69;WEB;17-08-2023 01:16;11-07-2023 19:46;70062
435;6;81204789397;Category_14;WEB;30-08-2023 05:18;03-06-2023 17:28;72571
436;8;81051347924;Category_98;WEB;03-08-2023 12:42;16-06-2023 03:53;85271
437;6;81201882636;Category_61;SHOP;25-06-2023 09:43;19-08-2023 12:01;41774
438;3;81363084257;Category_37;SHOP;28-07-2023 09:00;04-08-2023 13:46;65500
439;9;81125590391;Category_48;WEB;02-08-2023 23:27;13-06-2023 21:48;27433
440;6;81595239355;Category_17;WEB;07-08-2023 21:17;25-08-2023 22:36;20551
441;2;81482633864;Category_51;WEB;02-08-2023 02:40;24-07-2023 13:42;42867
442;3;81821771673;Category_38;WEB;08-07-2023 12:46;30-07-2023 18:53;1157
443;5;81633125266;Category_26;SHOP;02-07-2023 14:58;26-08-2023 10:25;64374
444;6;81990699433;Category_1;WEB;18-08-2023 23:13;05-06-2023 02:27;4182
445;9;81479010193;Category_7;WEB;14-08-2023 13:52;05-07-2023 23:33;76429
446;9;81103677369;Category_69;WEB;25-07-2023 13:35;09-08-2023 01:12;23181
447;5;81248306742;Category_66;SHOP;09-06-2023 19:27;20-08-2023 20:28;40785
448;4;81233714554;Category_99;SHOP;09-08-2023 22:52;27-08-2023 07:04;57010
449;8;81885354838;Category_15;WEB;10-06-2023 09:06;10-08-2023 21:42;45264
450;10;81165657261;Category_56;WEB;10-08-2023 12:41;12-08-2023 01:45;36559
451;8;81982984286;Category_13;WEB;21-08-2023 22:32;09-06-2023 11:50;52279
452;5;81054824739;Category_19;WEB;08-07-2023 19:27;15-08-2023 11:15;9190
453;5;81934642875;Category_96;SHOP;08-07-2023 12:30;27-08-2023 22:51;53955
454;1;81605303815;Category_78;WEB;14-08-2023 01:15;18-07-2023 08:46;66690
455;5;81287730086;Category_35;SHOP;16-08-2023 10:08;06-08-2023 13:19;25116
456;8;81405922713;Category_63;WEB;18-07-2023 05:07;13-06-2023 23:07;25582
457;10;81540446871;Category_58;SHOP;20-08-2023 05:54;17-08-2023 04:40;61525
458;8;81315956647;Category_94;WEB;12-06-2023 19:40;02-08-2023 01:19;72706
459;1;81994085563;Category_56;WEB;27-08-2023 20:23;14-06-2023 02:35;68005
460;4;81578204076;Category_6;WEB;28-07-2023 21:01;08-07-2023 16:26;68711
461;4;81301469946;Category_54;SHOP;05-08-2023 07:36;30-07-2023 13:09;80753
462;8;81206385856;Category_54;SHOP;30-08-2023 11:57;11-07-2023 21:37;874
463;6;81618880578;Category_18;SHOP;07-07-2023 06:35;15-08-2023 16:26;83175
464;6;81189801024;Category_65;WEB;29-08-2023 14:23;16-07-2023 20:12;18260
465;7;81008622909;Category_96;SHOP;01-09-2023 00:35;25-07-2023 02:20;48186
466;1;81080728403;Category_48;SHOP;11-08-2023 17:09;10-06-2023 00:24;31108
467;2;81933165520;Category_99;WEB;10-07-2023 12:41;02-08-2023 17:02;42392
468;8;81184449122;Category_11;WEB;07-06-2023 20:12;22-06-2023 00:12;64257
469;5;81501148432;Category_10;WEB;14-06-2023 00:28;09-07-2023 04:06;98261
470;5;81313438152;Category_94;SHOP;06-07-2023 01:36;31-08-2023 05:58;91032
471;8;81087079450;Category_24;SHOP;26-08-2023 03:48;04-07-2023 20:49;50594
472;9;81422317221;Category_62;WEB;15-08-2023 08:18;07-07-2023 16:29;98515
473;5;81974921613;Category_8;SHOP;04-07-2023 10:40;26-07-2023 11:48;56275
474;6;81862548983;Category_69;WEB;28-07-2023 16:28;27-07-2023 11:48;48200
475;3;81313671546;Category_0;SHOP;04-08-2023 15:17;09-06-2023 13:05;75458
476;3;81178397431;Category_49;SHOP;17-06-2023 15:16;13-06-2023 11:48;14648
477;3;81814702263;Category_77;SHOP;27-06-2023 15:26;07-07-2023 13:01;68028
478;7;81452226297;Category_29;WEB;29-06-2023 05:25;22-08-2023 14:35;6847
479;9;81201557605;Category_57;SHOP;13-06-2023 09:41;13-06-2023 01:00;80823
480;4;81493599024;Category_11;WEB;16-07-2023 14:54;19-08-2023 18:14;45695
481;3;81264621188;Category_88;SHOP;17-08-2023 19:15;20-07-2023 12:50;63137
482;4;81429830410;Category_65;SHOP;18-07-2023 12:45;20-06-2023 13:18;23771
483;9;81890554847;Category_91;SHOP;24-06-2023 17:50;30-08-2023 09:13;63857
484;10;81725795354;Category_71;WEB;25-07-2023 20:01;09-07-2023 16:06;80269
485;10;81432370689;Category_3;SHOP;15-06-2023 07:57;14-07-2023 12:39;8009
486;4;81872392953;Category_6;SHOP;21-06-2023 22:42;28-07-2023 09:35;16462
487;8;81989925060;Category_55;WEB;15-07-2023 09:06;24-06-2023 06:10;39088
488;8;81060752771;Category_72;SHOP;17-06-2023 21:53;03-08-2023 06:58;53274
489;5;81724074529;Category_40;WEB;27-07-2023 22:31;21-08-2023 01:06;15849
490;3;81641880628;Category_34;WEB;13-08-2023 06:56;26-07-2023 19:36;84434
491;5;81716890401;Category_81;WEB;18-06-2023 09:34;04-07-2023 13:27;17013
492;3;81199708916;Category_57;WEB;15-06-2023 02:26;20-06-2023 08:50;56841
493;2;81171987492;Category_38;SHOP;26-06-2023 17:21;14-06-2023 09:09;71942
494;3;81719747173;Category_28;SHOP;30-08-2023 16:46;11-06-2023 19:09;30944
495;2;81530394416;Category_64;SHOP;17-08-2023 08:53;31-08-2023 21:17;22161
496;10;81779241530;Category_70;SHOP;09-06-2023 06:32;25-06-2023 02:35;68596
497;11;81064719004;Category_80;WEB;16-07-2023 22:49;08-06-2023 15:18;1337
498;11;81571146216;Category_24;SHOP;06-07-2023 01:50;24-06-2023 17:02;69290
499;9;81027582877;Category_88;SHOP;20-07-2023 13:04;21-07-2023 02:02;6116
500;8;81518643951;Category_96;SHOP;11-07-2023 08:59;02-08-2023 06:24;85494
501;7;81028820922;Category_8;SHOP;15-08-2023 23:46;04-06-2023 01:06;30979
502;5;81258484869;Category_85;SHOP;25-07-2023 06:22;28-06-2023 06:06;60342
503;3;81918294086;Category_21;WEB;22-07-2023 00:05;30-06-2023 00:57;91909
504;8;81999413310;Category_68;WEB;27-07-2023 02:06;08-07-2023 02:04;17839
505;9;81259166732;Category_87;SHOP;22-06-2023 17:20;15-08-2023 18:33;90422
506;8;81801032260;Category_97;SHOP;13-08-2023 08:27;01-07-2023 23:09;53350
507;1;81759914785;Category_13;SHOP;06-07-2023 22:06;26-08-2023 05:16;61329
508;8;81435964928;Category_65;SHOP;19-06-2023 16:12;09-07-2023 18:17;60079
509;5;81197335952;Category_80;WEB;05-06-2023 18:00;13-07-2023 12:24;7483
510;10;81331078350;Category_63;SHOP;06-06-2023 19:49;26-08-2023 15:11;44275
511;2;81539514189;Category_30;WEB;06-06-2023 07:11;03-06-2023 22:45;86754
512;11;81829830214;Category_39;WEB;02-07-2023 13:37;24-08-2023 18:25;99570
513;4;81431390203;Category_66;SHOP;10-07-2023 23:12;08-07-2023 23:37;57173
514;11;81835325777;Category_14;SHOP;17-08-2023 20:29;26-06-2023 22:59;96389
515;8;81281058645;Category_92;SHOP;30-07-2023 08:48;06-07-2023 09:32;47239
516;6;81904510438;Category_51;WEB;22-06-2023 00:31;26-07-2023 09:42;66737
517;8;81410360976;Category_28;WEB;04-07-2023 13:49;25-06-2023 17:23;71755
518;1;81048361811;Category_75;WEB;21-08-2023 14:46;19-08-2023 10:52;28610
519;1;81923949626;Category_25;SHOP;01-07-2023 23:17;06-06-2023 19:24;76203
520;11;81847167070;Category_26;SHOP;19-06-2023 04:28;16-07-2023 07:08;91479
521;7;81183579325;Category_80;SHOP;16-07-2023 20:50;25-06-2023 05:59;40342
522;4;81120525191;Category_84;SHOP;27-08-2023 13:24;02-06-2023 19:17;94993
523;9;81426990925;Category_71;WEB;04-06-2023 03:18;24-06-2023 00:05;63840
524;8;81605408732;Category_95;WEB;13-08-2023 05:38;11-08-2023 03:50;10174
525;10;81063003945;Category_22;WEB;13-07-2023 13:16;13-08-2023 11:02;19800
526;10;81664921197;Category_26;WEB;10-08-2023 06:13;08-06-2023 18:29;93437
527;5;81243078116;Category_3;WEB;03-06-2023 13:49;13-08-2023 18:52;24053
528;10;81208469130;Category_83;WEB;26-07-2023 08:16;30-08-2023 23:33;66519
529;10;81804209348;Category_87;SHOP;16-07-2023 23:24;05-08-2023 13:42;9586
530;3;81095442409;Category_87;WEB;04-07-2023 02:17;21-06-2023 00:06;42653
531;5;81814623167;Category_5;WEB;17-07-2023 16:49;01-08-2023 12:33;10245
532;5;81769600461;Category_40;SHOP;20-08-2023 07:52;21-08-2023 07:37;55075
533;1;81045952484;Category_46;SHOP;01-07-2023 09:59;01-08-2023 19:27;78622
534;4;81129121744;Category_81;WEB;15-07-2023 15:39;03-08-2023 06:51;1659
535;6;81036682925;Category_52;WEB;20-08-2023 21:29;17-06-2023 19:29;89927
536;6;81863941810;Category_75;WEB;24-07-2023 13:11;26-08-2023 23:41;82565
537;6;81273078321;Category_9;SHOP;18-07-2023 02:44;05-07-2023 01:24;98672
538;2;81351339028;Category_83;WEB;17-07-2023 05:33;12-07-2023 17:47;94169
539;3;81596521794;Category_8;SHOP;15-07-2023 18:32;22-08-2023 18:43;82021
540;4;81687058084;Category_29;SHOP;29-06-2023 20:03;10-08-2023 15:39;82197
541;9;81410892714;Category_83;WEB;31-08-2023 06:24;18-07-2023 00:49;56409
542;11;81641775317;Category_99;WEB;18-08-2023 22:03;10-06-2023 02:50;91813
543;10;81684488141;Category_93;SHOP;27-07-2023 11:18;08-07-2023 07:28;56081
544;2;81114099129;Category_7;SHOP;02-06-2023 15:27;02-06-2023 21:28;91681
545;11;81423334784;Category_69;WEB;08-08-2023 13:54;31-07-2023 17:18;55944
546;2;81242863736;Category_76;WEB;05-08-2023 20:36;19-08-2023 12:12;38512
547;4;81853055274;Category_59;WEB;21-06-2023 02:39;25-08-2023 06:10;52474
548;1;81287016253;Category_68;WEB;07-06-2023 07:33;12-08-2023 18:34;31668
549;8;81878996596;Category_76;SHOP;05-06-2023 19:29;04-06-2023 14:12;3923
550;10;81463768638;Category_37;SHOP;26-08-2023 11:04;07-08-2023 18:53;67398
551;9;81881542000;Category_78;SHOP;16-07-2023 23:30;06-08-2023 04:37;3868
552;6;81562911967;Category_72;WEB;03-06-2023 19:52;04-08-2023 15:57;88871
553;2;81145864096;Category_27;SHOP;21-08-2023 06:51;13-07-2023 18:02;13230
554;4;81846306656;Category_56;SHOP;15-06-2023 13:48;13-08-2023 17:16;37406
555;2;81125287004;Category_16;WEB;23-08-2023 17:08;27-08-2023 16:55;6215
556;5;81107892067;Category_31;WEB;06-07-2023 20:28;02-06-2023 15:23;56545
557;2;81628335706;Category_94;SHOP;09-07-2023 06:31;13-08-2023 12:37;81100
558;7;81148025545;Category_6;WEB;18-06-2023 09:18;25-07-2023 20:58;85496
559;1;81839422445;Category_96;SHOP;10-06-2023 03:04;19-07-2023 08:42;39685
560;2;81434427108;Category_40;SHOP;15-07-2023 22:30;30-08-2023 10:21;69207
561;3;81973931749;Category_8;WEB;17-08-2023 13:11;30-07-2023 03:00;45088
562;4;81891529635;Category_91;SHOP;04-06-2023 12:44;27-08-2023 16:10;72134
563;8;81686632509;Category_46;SHOP;17-06-2023 17:54;21-07-2023 20:46;40511
564;3;81452812347;Category_5;WEB;15-07-2023 06:02;14-08-2023 17:00;25232
565;4;81141563342;Category_18;SHOP;21-06-2023 10:25;14-06-2023 01:56;13501
566;7;81787569934;Category_7;WEB;20-06-2023 01:23;13-08-2023 05:04;95538
567;8;81754266070;Category_68;SHOP;31-07-2023 03:49;02-07-2023 03:14;30836
568;9;81717951396;Category_71;SHOP;19-06-2023 03:08;26-07-2023 13:48;36219
569;7;81914342262;Category_36;WEB;25-06-2023 21:32;24-06-2023 11:11;85493
570;6;81469007416;Category_96;WEB;13-06-2023 20:42;27-06-2023 14:07;31702
571;5;81494773737;Category_22;SHOP;05-08-2023 10:44;22-06-2023 00:30;72488
572;3;81772656051;Category_22;WEB;13-07-2023 09:20;26-07-2023 01:26;66752
573;7;81842525892;Category_97;WEB;03-08-2023 08:44;17-08-2023 07:20;1979
574;5;81796341696;Category_98;SHOP;13-07-2023 04:52;04-07-2023 05:53;52387
575;5;81995966127;Category_48;WEB;15-08-2023 08:20;28-07-2023 21:33;48302
576;3;81615256409;Category_19;WEB;06-08-2023 13:13;05-06-2023 20:14;50076
577;8;81997861552;Category_82;WEB;17-06-2023 19:29;29-07-2023 23:20;55443
578;11;81430292639;Category_19;SHOP;21-07-2023 22:43;25-06-2023 17:59;51626
579;1;81756705876;Category_65;WEB;24-06-2023 05:15;12-08-2023 12:31;11817
580;4;81550180611;Category_42;SHOP;01-07-2023 23:11;23-06-2023 03:19;28884
581;11;81855111867;Category_42;WEB;05-06-2023 03:33;19-07-2023 21:09;59076
582;8;81642826018;Category_34;SHOP;18-08-2023 21:39;27-07-2023 23:32;23335
583;4;81701778606;Category_94;SHOP;16-08-2023 19:03;28-06-2023 19:36;79956
584;5;81659079078;Category_91;WEB;27-06-2023 00:46;06-06-2023 19:42;94753
585;7;81399562012;Category_16;WEB;13-06-2023 03:29;02-06-2023 19:38;97722
586;1;81925031520;Category_40;SHOP;05-08-2023 17:37;18-08-2023 22:24;2190
587;7;81355637509;Category_5;SHOP;04-07-2023 08:30;25-08-2023 01:47;97580
588;11;81828802959;Category_77;SHOP;23-06-2023 14:54;29-06-2023 00:24;17106
589;4;81250883862;Category_9;WEB;29-07-2023 17:28;25-06-2023 08:30;86440
590;5;81430527217;Category_53;SHOP;11-08-2023 22:06;21-07-2023 23:31;95000
591;7;81690008120;Category_7;SHOP;08-06-2023 11:21;16-07-2023 23:29;10209
592;7;81485225306;Category_67;WEB;02-07-2023 01:04;12-08-2023 17:25;40627
593;5;81003197167;Category_83;WEB;21-08-2023 07:37;03-08-2023 07:13;62895
594;4;81182397922;Category_18;SHOP;18-08-2023 00:50;20-06-2023 06:28;77568
595;10;81444669072;Category_11;WEB;16-08-2023 03:04;07-08-2023 00:51;26497
596;8;81521920947;Category_35;SHOP;14-06-2023 13:12;20-06-2023 12:36;22491
597;8;81081601857;Category_75;SHOP;13-06-2023 14:29;18-08-2023 17:37;15891
598;8;81508290137;Category_82;WEB;26-07-2023 20:40;17-07-2023 12:56;54397
599;9;81682984675;Category_58;WEB;02-06-2023 21:56;27-07-2023 02:05;20162
600;11;81966392940;Category_55;SHOP;23-08-2023 07:44;09-08-2023 21:18;46335
601;7;81331790721;Category_7;WEB;16-08-2023 14:49;29-07-2023 08:03;40990
602;4;81118723909;Category_51;WEB;25-07-2023 16:31;01-07-2023 13:36;76019
603;1;81784460943;Category_52;SHOP;09-07-2023 13:11;21-06-2023 04:09;45405
604;1;81416645167;Category_14;WEB;21-07-2023 16:01;02-08-2023 06:54;10447
605;6;81926841653;Category_26;SHOP;24-08-2023 04:10;01-08-2023 05:21;39856
606;6;81276188559;Category_27;WEB;21-06-2023 21:50;01-07-2023 03:28;72551
607;9;81310920328;Category_72;WEB;10-08-2023 13:08;26-06-2023 17:37;49570
608;9;81221235309;Category_28;SHOP;19-06-2023 15:21;28-06-2023 13:26;20314
609;10;81007711133;Category_32;SHOP;30-06-2023 10:46;21-08-2023 00:49;25910
610;10;81142288635;Category_94;WEB;23-07-2023 22:43;27-08-2023 09:29;53927
611;2;81697509695;Category_42;WEB;24-06-2023 18:22;29-07-2023 13:40;42434
612;5;81936372629;Category_77;WEB;13-06-2023 13:48;10-07-2023 19:55;42979
613;6;81991435854;Category_27;WEB;25-07-2023 12:53;11-07-2023 01:36;81906
614;2;81815210289;Category_14;WEB;02-08-2023 19:12;29-08-2023 17:10;43403
615;4;81898515766;Category_6;SHOP;21-07-2023 12:09;14-07-2023 18:38;55515
616;3;81077573685;Category_78;WEB;27-06-2023 04:01;27-08-2023 12:35;24752
617;7;81545083496;Category_10;WEB;04-06-2023 17:58;28-08-2023 13:56;47375
618;7;81235375363;Category_1;SHOP;02-07-2023 19:06;09-08-2023 00:15;18240
619;5;81753511978;Category_83;SHOP;08-08-2023 22:50;30-06-2023 22:29;16201
620;11;81357986389;Category_41;SHOP;01-07-2023 07:15;13-07-2023 06:48;54065
621;8;81072631096;Category_69;SHOP;26-06-2023 00:54;01-07-2023 05:09;77642
622;9;81799152582;Category_48;WEB;29-07-2023 05:55;16-08-2023 16:44;56541
623;4;81059909129;Category_97;SHOP;07-07-2023 08:41;22-07-2023 21:29;85345
624;5;81367310738;Category_62;SHOP;22-06-2023 11:34;21-07-2023 23:35;2722
625;10;81038513356;Category_19;WEB;19-07-2023 17:06;17-06-2023 03:07;52023
626;4;81806828704;Category_40;SHOP;30-06-2023 20:25;13-08-2023 12:28;10970
627;10;81554426698;Category_5;SHOP;25-06-2023 15:34;05-07-2023 19:23;59974
628;8;81852233934;Category_32;WEB;26-07-2023 02:36;03-08-2023 04:27;29517
629;3;81672434427;Category_84;WEB;28-08-2023 17:40;20-06-2023 18:31;45839
630;9;81952170482;Category_84;WEB;20-07-2023 11:30;03-07-2023 19:24;58652
631;2;81394630976;Category_10;WEB;10-08-2023 08:34;06-07-2023 06:41;65055
632;5;81906408967;Category_49;WEB;26-07-2023 23:32;27-07-2023 23:37;32114
633;4;81380705034;Category_97;SHOP;15-08-2023 19:05;11-07-2023 04:52;36032
634;3;81934111382;Category_76;SHOP;17-08-2023 21:14;25-08-2023 23:21;40627
635;2;81016968955;Category_24;SHOP;27-07-2023 08:15;22-07-2023 18:34;87741
636;1;81250261118;Category_47;SHOP;25-07-2023 14:38;27-07-2023 18:50;52392
637;6;81286834441;Category_66;WEB;07-08-2023 20:35;06-07-2023 09:16;45438
638;4;81455281678;Category_85;SHOP;04-06-2023 15:43;02-06-2023 13:49;37000
639;9;81588815036;Category_58;SHOP;18-08-2023 03:24;29-07-2023 18:26;42477
640;11;81224183484;Category_89;SHOP;05-08-2023 13:20;03-07-2023 11:30;47482
641;4;81393908956;Category_65;WEB;17-06-2023 09:51;15-07-2023 09:54;20028
642;8;81651226600;Category_89;SHOP;02-08-2023 22:33;25-06-2023 14:56;45502
643;9;81112137704;Category_39;WEB;25-06-2023 08:24;31-07-2023 18:23;21278
644;8;81537259254;Category_96;SHOP;22-07-2023 21:29;08-06-2023 00:04;64346
645;7;81418524867;Category_48;WEB;22-06-2023 11:14;17-06-2023 04:51;15376
646;1;81906269621;Category_3;SHOP;20-06-2023 16:40;15-08-2023 07:28;85644
647;8;81422079308;Category_34;WEB;13-06-2023 05:37;27-07-2023 00:51;80318
648;7;81844501383;Category_94;WEB;13-08-2023 06:37;05-07-2023 17:12;165
649;9;81825495230;Category_93;SHOP;20-08-2023 04:00;29-07-2023 04:12;44281
650;3;81933708098;Category_39;WEB;01-08-2023 01:28;28-06-2023 13:39;26728
651;8;81699142986;Category_65;SHOP;13-08-2023 20:45;11-07-2023 02:24;81719
652;8;81316970148;Category_72;WEB;29-07-2023 23:55;03-08-2023 09:03;92321
653;1;81333863448;Category_2;WEB;17-08-2023 17:42;22-06-2023 06:24;5570
654;5;81622153515;Category_60;WEB;27-08-2023 01:59;04-08-2023 16:03;74188
655;1;81161874258;Category_41;WEB;20-08-2023 14:52;08-07-2023 22:18;60464
656;8;81225923409;Category_2;SHOP;12-08-2023 20:49;12-06-2023 14:39;48476
657;8;81052662809;Category_70;WEB;17-08-2023 13:51;13-07-2023 19:38;20342
658;10;81596869561;Category_81;WEB;21-06-2023 07:54;04-06-2023 04:14;90058
659;8;81098325894;Category_32;WEB;05-07-2023 10:30;28-07-2023 15:56;46761
660;5;81417967356;Category_19;WEB;30-06-2023 12:38;03-08-2023 05:06;55968
661;10;81764483827;Category_45;WEB;15-07-2023 20:05;28-07-2023 01:01;12161
662;3;81137976489;Category_87;WEB;25-08-2023 19:09;18-06-2023 06:41;90660
663;2;81821035755;Category_57;SHOP;22-06-2023 23:04;12-07-2023 06:11;90354
664;6;81872893784;Category_99;SHOP;17-06-2023 16:51;15-08-2023 07:22;53177
665;6;81449701434;Category_37;SHOP;13-06-2023 11:22;22-06-2023 19:53;74955
666;1;81988073548;Category_87;WEB;10-07-2023 15:24;05-08-2023 11:37;4530
667;8;81580606206;Category_86;WEB;23-08-2023 00:51;17-06-2023 02:02;10481
668;1;81416944589;Category_45;SHOP;14-08-2023 19:49;22-08-2023 00:58;63341
669;8;81875954169;Category_95;SHOP;25-07-2023 00:28;20-07-2023 10:48;16184
670;3;81813107976;Category_9;WEB;28-07-2023 01:16;20-06-2023 03:58;85745
671;6;81874721491;Category_66;WEB;24-07-2023 17:52;03-08-2023 00:11;84742
672;6;81285813856;Category_51;SHOP;12-07-2023 06:38;04-07-2023 01:24;66131
673;1;81117335748;Category_36;WEB;05-07-2023 17:33;06-07-2023 20:26;7540
674;1;81528970700;Category_83;SHOP;19-06-2023 08:35;31-08-2023 20:52;50814
675;2;81712911782;Category_69;SHOP;28-06-2023 15:59;08-06-2023 15:35;28938
676;9;81991933300;Category_23;WEB;02-07-2023 07:27;29-06-2023 18:50;9011
677;8;81446761235;Category_8;WEB;03-07-2023 19:20;25-06-2023 22:10;63191
678;7;81021959366;Category_0;WEB;29-07-2023 15:13;27-07-2023 17:36;99322
679;2;81384441649;Category_58;WEB;24-08-2023 05:53;21-06-2023 12:26;33970
680;9;81189788512;Category_72;SHOP;15-06-2023 07:35;04-07-2023 00:01;50314
681;8;81878094310;Category_85;WEB;20-07-2023 05:06;14-08-2023 05:04;15622
682;9;81120690109;Category_42;SHOP;07-07-2023 20:41;23-06-2023 23:31;49358
683;1;81016772793;Category_54;WEB;29-07-2023 01:52;11-07-2023 19:05;38984
684;4;81755844965;Category_31;WEB;07-08-2023 19:34;30-06-2023 02:27;25500
685;1;81749817357;Category_18;WEB;05-06-2023 19:02;20-07-2023 15:49;45035
686;3;81734539588;Category_85;WEB;24-08-2023 00:53;24-06-2023 10:40;94341
687;10;81036867405;Category_41;WEB;12-07-2023 01:58;23-07-2023 11:43;94575
688;9;81897376329;Category_6;SHOP;27-08-2023 11:34;16-07-2023 14:07;92140
689;7;81853338879;Category_6;SHOP;18-07-2023 00:02;02-07-2023 00:15;67283
690;8;81787457163;Category_0;WEB;08-08-2023 18:11;11-07-2023 05:27;21580
691;3;81547598455;Category_5;SHOP;19-06-2023 07:23;24-08-2023 11:39;95585
692;10;81913432388;Category_71;WEB;09-06-2023 04:51;22-08-2023 01:56;49309
693;7;81217397581;Category_96;SHOP;10-07-2023 22:39;13-08-2023 19:06;16179
694;11;81426007079;Category_59;WEB;21-06-2023 06:46;18-06-2023 11:43;73215
695;11;81047487423;Category_31;WEB;07-06-2023 06:31;18-06-2023 20:03;36461
696;11;81380366182;Category_81;WEB;15-06-2023 07:03;02-07-2023 03:28;33353
697;7;81195922191;Category_47;WEB;28-06-2023 08:15;05-06-2023 02:47;18945
698;4;81583488908;Category_6;SHOP;24-07-2023 09:20;22-06-2023 01:16;27671
699;9;81994711179;Category_70;SHOP;14-06-2023 21:47;15-06-2023 12:27;40903
700;9;81466962393;Category_79;WEB;29-08-2023 04:14;07-08-2023 17:31;54414
701;11;81520348750;Category_97;WEB;19-07-2023 14:55;29-08-2023 06:43;8476
702;9;81357557824;Category_8;SHOP;29-08-2023 13:50;02-07-2023 11:24;51645
703;7;81552163628;Category_17;SHOP;14-07-2023 03:27;11-07-2023 16:26;32458
704;11;81242922060;Category_20;SHOP;03-08-2023 02:54;07-08-2023 18:19;68681
705;7;81835783062;Category_93;WEB;23-08-2023 01:48;16-08-2023 16:04;5046
706;10;81219264032;Category_23;WEB;23-08-2023 04:55;17-07-2023 03:54;52507
707;4;81303540608;Category_54;SHOP;24-06-2023 07:26;08-07-2023 16:36;16784
708;4;81999886182;Category_60;SHOP;16-06-2023 22:33;10-08-2023 10:00;10816
709;6;81863459442;Category_53;SHOP;12-08-2023 23:05;03-08-2023 04:03;36397
710;5;81571961094;Category_3;SHOP;16-08-2023 05:58;02-06-2023 21:29;56528
711;5;81667640061;Category_19;WEB;25-07-2023 19:15;08-08-2023 00:32;27557
712;5;81981315332;Category_47;WEB;12-06-2023 06:48;17-08-2023 19:25;64746
713;4;81040532248;Category_71;WEB;08-06-2023 01:10;30-08-2023 06:23;71513
714;8;81238486796;Category_79;SHOP;31-07-2023 04:27;26-07-2023 02:40;18706
715;10;81186563397;Category_50;SHOP;20-07-2023 17:56;18-06-2023 17:15;98395
716;2;81748821268;Category_98;SHOP;15-06-2023 07:24;23-06-2023 13:43;8917
717;10;81256500066;Category_64;WEB;27-08-2023 11:03;09-07-2023 20:25;24916
718;8;81693304258;Category_13;SHOP;08-06-2023 12:23;11-06-2023 07:00;22811
719;7;81394712544;Category_85;WEB;30-08-2023 06:28;05-08-2023 06:20;37185
720;3;81507577789;Category_13;WEB;02-06-2023 10:09;04-06-2023 22:34;91776
721;1;81168024545;Category_4;WEB;24-08-2023 09:26;06-06-2023 18:25;60196
722;5;81408831148;Category_17;SHOP;09-07-2023 19:33;29-08-2023 22:31;68464
723;6;81579639103;Category_10;SHOP;24-06-2023 14:47;23-07-2023 13:04;65718
724;8;81184234561;Category_78;SHOP;30-08-2023 10:44;18-06-2023 12:19;66504
725;4;81707995678;Category_71;SHOP;03-06-2023 13:24;20-06-2023 02:08;881
726;3;81348858162;Category_18;WEB;30-08-2023 13:06;11-08-2023 09:23;626
727;4;81758101670;Category_58;SHOP;09-08-2023 21:11;28-07-2023 03:26;73454
728;8;81466232570;Category_69;WEB;14-06-2023 08:20;02-06-2023 04:21;45691
729;8;81262318770;Category_29;WEB;07-08-2023 12:07;16-06-2023 00:39;5881
730;1;81251679422;Category_18;WEB;16-06-2023 09:01;01-08-2023 05:19;82067
731;1;81533924537;Category_99;SHOP;13-08-2023 03:55;23-06-2023 07:45;92833
732;10;81677855081;Category_30;WEB;23-08-2023 14:43;22-06-2023 12:55;1275
733;10;81479964116;Category_40;WEB;13-07-2023 05:12;09-06-2023 18:23;85929
734;8;81772161727;Category_53;SHOP;19-07-2023 17:22;11-06-2023 03:09;32719
735;7;81065550807;Category_46;SHOP;28-07-2023 09:59;16-06-2023 20:15;13970
736;3;81977152077;Category_18;WEB;04-06-2023 05:53;28-08-2023 09:11;11523
737;4;81468594916;Category_40;WEB;17-07-2023 06:11;20-07-2023 01:58;17234
738;6;81080056791;Category_36;SHOP;28-07-2023 07:33;28-06-2023 19:21;25976
739;9;81450111456;Category_60;WEB;05-07-2023 10:23;09-06-2023 11:21;74358
740;5;81119188655;Category_46;WEB;19-08-2023 08:53;10-08-2023 05:26;48851
741;2;81099985754;Category_47;SHOP;05-06-2023 06:07;16-07-2023 23:06;87828
742;3;81967286564;Category_40;SHOP;30-08-2023 06:59;28-07-2023 21:11;58054
743;4;81157203081;Category_61;WEB;18-06-2023 15:16;20-08-2023 01:36;96397
744;5;81276550712;Category_6;WEB;09-08-2023 20:12;03-08-2023 15:51;76686
745;7;81197063050;Category_25;WEB;15-06-2023 03:53;14-08-2023 22:46;42564
746;6;81186216722;Category_96;SHOP;28-07-2023 12:14;16-08-2023 10:44;60247
747;8;81084543627;Category_83;SHOP;01-07-2023 05:47;27-08-2023 10:44;76403
748;1;81927330281;Category_18;WEB;06-07-2023 00:45;27-06-2023 08:29;33883
749;10;81634173432;Category_51;SHOP;25-06-2023 19:11;10-07-2023 13:43;14353
750;1;81887361215;Category_6;SHOP;21-07-2023 16:08;08-08-2023 08:38;51851
751;10;81813774955;Category_98;WEB;22-08-2023 20:33;16-07-2023 03:54;92149
752;7;81944049787;Category_52;WEB;30-08-2023 02:54;31-07-2023 05:11;6901
753;11;81913908541;Category_78;WEB;25-07-2023 01:39;16-06-2023 01:19;18446
754;5;81277827607;Category_66;SHOP;19-07-2023 05:35;29-07-2023 01:40;24977
755;1;81576933767;Category_86;WEB;23-08-2023 00:08;18-07-2023 17:10;50477
756;11;81936461538;Category_37;WEB;06-06-2023 10:08;07-08-2023 14:49;89631
757;11;81643877391;Category_89;WEB;31-07-2023 07:12;15-08-2023 02:14;64420
758;5;81717275983;Category_84;SHOP;10-08-2023 08:32;17-07-2023 00:08;74
759;7;81394635577;Category_35;WEB;06-07-2023 14:30;20-08-2023 09:47;87301
760;1;81529573297;Category_29;SHOP;28-07-2023 09:37;30-06-2023 21:54;73144
761;10;81878813065;Category_91;WEB;29-08-2023 15:44;08-08-2023 10:25;75687
762;1;81101706977;Category_7;WEB;26-06-2023 04:48;31-07-2023 06:38;57091
763;5;81742134903;Category_1;WEB;18-06-2023 19:18;26-07-2023 02:28;42058
764;2;81341019927;Category_1;SHOP;11-07-2023 00:32;20-08-2023 19:13;68438
765;10;81129331705;Category_88;WEB;15-06-2023 23:39;22-07-2023 22:42;52239
766;5;81154929597;Category_80;SHOP;06-06-2023 12:38;20-06-2023 07:36;32672
767;1;81191701409;Category_23;WEB;18-08-2023 22:56;25-07-2023 15:53;40660
768;1;81801641816;Category_72;WEB;16-06-2023 03:00;15-06-2023 03:23;3210
769;10;81634557723;Category_61;WEB;17-06-2023 07:07;17-07-2023 12:36;32631
770;7;81005567556;Category_52;WEB;03-08-2023 17:10;18-08-2023 13:56;93025
771;3;81544795301;Category_95;SHOP;20-07-2023 09:03;30-06-2023 15:59;24194
772;10;81244261523;Category_51;SHOP;08-06-2023 15:16;17-07-2023 13:39;48308
773;6;81136845334;Category_89;WEB;04-06-2023 02:12;15-07-2023 08:26;40284
774;7;81893103553;Category_8;SHOP;19-06-2023 22:19;07-08-2023 20:14;49280
775;11;81029796954;Category_15;SHOP;02-06-2023 00:11;01-09-2023 02:25;68739
776;9;81957889488;Category_87;SHOP;15-07-2023 14:16;21-06-2023 23:15;80675
777;10;81504800144;Category_89;SHOP;03-08-2023 05:55;07-07-2023 03:11;33467
778;9;81443123021;Category_59;SHOP;05-08-2023 14:56;30-07-2023 20:08;28260
779;5;81688093813;Category_54;WEB;17-07-2023 15:49;03-07-2023 21:53;98559
780;4;81751480821;Category_22;SHOP;01-08-2023 02:07;28-06-2023 15:45;75533
781;11;81978241496;Category_62;SHOP;28-06-2023 22:58;30-06-2023 00:28;22891
782;11;81931304417;Category_84;SHOP;10-08-2023 15:58;22-08-2023 23:18;6032
783;6;81602059628;Category_85;SHOP;12-06-2023 00:19;12-07-2023 11:43;39489
784;2;81504771884;Category_59;WEB;07-08-2023 09:38;14-07-2023 09:10;83828
785;7;81512342518;Category_74;WEB;15-08-2023 09:41;15-08-2023 18:26;19586
786;11;81644501797;Category_91;SHOP;14-08-2023 14:48;16-07-2023 06:00;8701
787;11;81780587892;Category_53;WEB;15-06-2023 22:52;12-07-2023 22:16;51079
788;6;81600215843;Category_0;SHOP;20-06-2023 02:36;04-07-2023 12:21;28752
789;11;81642311377;Category_22;WEB;16-06-2023 23:15;21-08-2023 08:36;81365
790;5;81305845737;Category_3;WEB;17-06-2023 00:12;08-06-2023 05:47;52487
791;5;81357292429;Category_45;SHOP;22-08-2023 06:15;28-08-2023 09:19;66101
792;1;81297473930;Category_67;WEB;24-07-2023 14:40;20-08-2023 22:50;68093
793;5;81235154383;Category_15;SHOP;14-08-2023 23:19;11-08-2023 11:19;7764
794;3;81683531844;Category_13;SHOP;25-07-2023 19:38;26-08-2023 06:51;90158
795;10;81831879983;Category_35;SHOP;12-08-2023 08:55;22-07-2023 18:54;49908
796;1;81564312551;Category_88;WEB;24-07-2023 05:46;19-06-2023 00:09;10026
797;1;81819506075;Category_55;SHOP;04-08-2023 08:19;16-07-2023 22:26;34104
798;4;81352378083;Category_82;WEB;06-07-2023 18:35;07-07-2023 23:05;12474
799;11;81479391497;Category_70;SHOP;18-08-2023 19:09;05-08-2023 21:56;20559
800;4;81173485968;Category_74;WEB;18-08-2023 09:10;16-08-2023 12:50;62145
801;5;81484792910;Category_92;WEB;27-07-2023 04:57;16-08-2023 08:47;87198
802;1;81070774668;Category_55;WEB;15-06-2023 18:25;09-07-2023 07:12;44248
803;9;81866329500;Category_99;WEB;13-08-2023 12:01;03-08-2023 16:07;40358
804;5;81357000443;Category_72;SHOP;06-07-2023 14:20;10-08-2023 11:38;32773
805;9;81639090973;Category_48;WEB;23-06-2023 17:00;22-06-2023 04:08;11851
806;5;81083516723;Category_62;SHOP;22-08-2023 18:23;07-08-2023 21:45;83303
807;1;81124931761;Category_76;SHOP;24-06-2023 16:50;12-08-2023 21:36;46759
808;2;81351518336;Category_51;WEB;04-06-2023 07:50;23-07-2023 14:06;81485
809;8;81969940643;Category_55;SHOP;01-06-2023 04:23;05-07-2023 04:28;89835
810;5;81662143861;Category_74;WEB;15-07-2023 05:08;17-06-2023 13:04;82117
811;1;81437166424;Category_57;SHOP;24-06-2023 14:29;28-07-2023 06:07;40105
812;1;81733745239;Category_55;SHOP;06-07-2023 04:19;26-06-2023 09:38;41592
813;2;81007563069;Category_87;WEB;18-08-2023 06:44;14-06-2023 10:36;58410
814;3;81083209480;Category_22;SHOP;31-07-2023 03:52;08-06-2023 03:07;13666
815;8;81162848311;Category_5;WEB;07-06-2023 21:35;04-08-2023 16:12;45505
816;7;81755957178;Category_31;WEB;11-07-2023 19:38;16-06-2023 01:34;85227
817;10;81950840147;Category_1;SHOP;31-08-2023 19:22;04-08-2023 07:10;15102
818;6;81737253758;Category_43;SHOP;20-07-2023 20:36;21-06-2023 13:18;30797
819;4;81508224562;Category_6;WEB;21-08-2023 13:25;19-06-2023 12:38;85341
820;5;81488885663;Category_22;SHOP;05-08-2023 06:35;31-07-2023 19:43;53947
821;1;81397583876;Category_44;SHOP;16-06-2023 04:39;08-08-2023 08:37;56592
822;10;81826685841;Category_98;SHOP;14-07-2023 20:48;10-07-2023 10:38;89871
823;9;81959293101;Category_20;SHOP;13-07-2023 09:20;05-08-2023 18:53;93309
824;4;81840807043;Category_5;SHOP;13-06-2023 04:37;16-08-2023 06:43;97134
825;8;81727518091;Category_29;SHOP;06-08-2023 18:16;23-07-2023 14:33;88341
826;1;81955175726;Category_77;SHOP;05-06-2023 11:01;19-08-2023 03:14;8143
827;1;81555332106;Category_45;SHOP;24-07-2023 15:42;04-08-2023 14:07;91930
828;10;81832925135;Category_16;SHOP;08-06-2023 01:43;07-07-2023 06:35;14634
829;8;81088486138;Category_93;WEB;03-06-2023 03:28;26-08-2023 10:53;21918
830;3;81098957516;Category_52;SHOP;26-07-2023 10:45;03-06-2023 04:03;33070
831;6;81854264396;Category_69;WEB;08-07-2023 08:15;20-06-2023 13:11;40142
832;4;81203350642;Category_32;SHOP;11-06-2023 06:25;22-08-2023 06:57;79606
833;3;81477380170;Category_15;SHOP;08-06-2023 01:12;28-08-2023 12:00;97416
834;8;81798146045;Category_13;SHOP;12-08-2023 13:49;14-06-2023 06:25;94859
835;6;81730270877;Category_52;WEB;17-07-2023 12:30;14-07-2023 09:26;90137
836;5;81053314912;Category_81;SHOP;09-07-2023 11:10;04-07-2023 11:40;53652
837;11;81642145347;Category_0;WEB;14-08-2023 11:06;07-07-2023 03:14;84072
838;4;81267985948;Category_10;WEB;04-06-2023 05:22;15-06-2023 18:54;77188
839;9;81650906377;Category_7;SHOP;31-07-2023 08:41;07-08-2023 10:13;22280
840;2;81680429411;Category_43;WEB;30-07-2023 12:05;01-06-2023 12:42;16391
841;5;81533961612;Category_3;WEB;08-08-2023 16:58;10-07-2023 03:11;93318
842;10;81850603107;Category_97;WEB;29-08-2023 03:19;21-06-2023 13:18;56145
843;11;81156978027;Category_14;SHOP;31-07-2023 06:10;29-06-2023 01:34;24580
844;3;81185478474;Category_51;SHOP;28-07-2023 20:24;25-07-2023 01:24;31604
845;4;81802326127;Category_47;WEB;14-06-2023 09:12;08-06-2023 23:02;16336
846;5;81367855345;Category_20;WEB;28-06-2023 23:47;02-08-2023 02:31;47809
847;5;81354104173;Category_25;WEB;25-06-2023 19:06;21-08-2023 13:00;92128
848;8;81748245280;Category_60;WEB;13-08-2023 18:10;27-07-2023 07:43;8522
849;5;81142525055;Category_27;SHOP;28-08-2023 06:39;14-07-2023 20:12;19217
850;3;81611032591;Category_23;WEB;13-07-2023 23:54;21-06-2023 23:56;70929
851;10;81227792124;Category_60;SHOP;18-06-2023 02:31;10-07-2023 16:57;54748
852;1;81491987217;Category_54;SHOP;10-06-2023 02:14;01-06-2023 08:09;17362
853;2;81448995099;Category_2;SHOP;14-08-2023 10:32;30-06-2023 21:27;64454
854;11;81058598168;Category_48;WEB;07-07-2023 01:30;26-06-2023 18:24;57386
855;11;81289417131;Category_96;WEB;18-08-2023 08:48;26-06-2023 00:01;39179
856;8;81231972743;Category_91;WEB;17-08-2023 17:29;28-06-2023 17:36;88254
857;9;81680184305;Category_53;WEB;18-07-2023 01:00;01-09-2023 02:15;10457
858;8;81650702060;Category_85;WEB;09-07-2023 03:26;19-06-2023 13:14;51368
859;7;81203016573;Category_60;SHOP;24-08-2023 00:26;20-08-2023 16:41;88244
860;2;81958338771;Category_45;WEB;11-07-2023 10:29;13-07-2023 00:25;59335
861;11;81799971968;Category_26;WEB;20-06-2023 19:59;21-07-2023 02:35;97419
862;5;81893578740;Category_74;WEB;16-08-2023 09:34;15-08-2023 02:43;2941
863;5;81793299087;Category_19;WEB;24-07-2023 02:56;16-07-2023 03:37;59230
864;2;81500378562;Category_27;SHOP;13-08-2023 03:44;24-06-2023 16:58;49106
865;8;81036122429;Category_61;WEB;16-06-2023 03:40;04-07-2023 10:11;38310
866;5;81503947169;Category_18;SHOP;21-07-2023 23:25;13-08-2023 08:43;78447
867;9;81713259379;Category_51;SHOP;05-07-2023 04:49;22-07-2023 17:54;25016
868;1;81792009386;Category_0;SHOP;28-06-2023 21:05;16-07-2023 19:46;19577
869;9;81648758184;Category_3;WEB;02-08-2023 10:10;07-06-2023 00:33;27187
870;3;81187324408;Category_22;WEB;02-08-2023 07:19;24-07-2023 11:06;82215
871;5;81990718797;Category_39;WEB;29-07-2023 15:07;26-06-2023 17:28;75293
872;1;81409526590;Category_39;WEB;14-07-2023 22:44;13-06-2023 11:43;1422
873;10;81280444856;Category_57;SHOP;26-08-2023 12:05;20-08-2023 12:12;63366
874;3;81819703272;Category_45;SHOP;03-08-2023 21:27;11-07-2023 01:15;41902
875;9;81395180902;Category_62;WEB;16-08-2023 09:00;07-08-2023 23:48;27420
876;6;81572398869;Category_31;SHOP;29-08-2023 05:04;12-06-2023 08:29;29493
877;3;81379109746;Category_67;SHOP;17-07-2023 03:44;20-08-2023 18:19;60608
878;2;81001493758;Category_50;WEB;14-07-2023 14:53;10-06-2023 07:36;5118
879;9;81106008330;Category_82;WEB;17-07-2023 10:25;25-07-2023 11:27;6295
880;3;81726551928;Category_20;WEB;05-07-2023 23:06;18-07-2023 17:26;58805
881;2;81126486092;Category_26;WEB;03-08-2023 18:33;17-06-2023 16:39;65054
882;10;81296372522;Category_14;SHOP;06-07-2023 21:53;26-07-2023 19:08;99519
883;6;81284597506;Category_0;SHOP;08-06-2023 03:01;05-08-2023 11:59;1537
884;6;81919013693;Category_41;WEB;30-06-2023 02:10;02-07-2023 14:17;92631
885;10;81595309274;Category_31;WEB;05-07-2023 16:16;01-06-2023 11:41;71547
886;1;81733886706;Category_98;WEB;02-06-2023 06:57;01-07-2023 13:52;6603
887;2;81105933041;Category_7;SHOP;16-07-2023 02:59;19-07-2023 01:28;14103
888;11;81693018828;Category_89;SHOP;02-08-2023 05:05;16-08-2023 10:02;85762
889;4;81776148967;Category_54;WEB;06-08-2023 03:07;07-07-2023 12:31;11605
890;3;81228254502;Category_50;WEB;26-06-2023 17:13;15-08-2023 14:02;52661
891;8;81605647167;Category_98;WEB;02-06-2023 13:17;29-08-2023 09:28;20678
892;10;81138009815;Category_33;SHOP;05-06-2023 00:31;14-06-2023 06:59;29069
893;4;81475032376;Category_47;SHOP;25-07-2023 08:54;04-08-2023 07:16;79379
894;4;81787313698;Category_66;SHOP;15-06-2023 20:09;06-08-2023 01:08;51932
895;5;81476826634;Category_94;WEB;19-06-2023 05:08;13-06-2023 23:02;55695
896;1;81686065593;Category_98;SHOP;31-07-2023 13:01;26-07-2023 15:43;70116
897;2;81730492037;Category_45;SHOP;16-06-2023 01:23;07-06-2023 17:25;39578
898;7;81037608493;Category_31;WEB;25-06-2023 08:54;24-08-2023 01:20;98226
899;7;81571157133;Category_25;SHOP;19-06-2023 09:34;20-06-2023 04:16;56531
900;5;81631070446;Category_8;WEB;24-07-2023 12:10;14-07-2023 09:13;20748
901;5;81777730531;Category_80;SHOP;08-07-2023 19:30;11-07-2023 05:51;1066
902;1;81352247425;Category_25;SHOP;10-07-2023 03:59;12-07-2023 04:43;26637
903;9;81240925038;Category_74;SHOP;10-06-2023 10:38;15-06-2023 13:01;42112
904;7;81294365696;Category_77;SHOP;17-07-2023 06:39;09-06-2023 18:48;822
905;3;81627322234;Category_2;WEB;17-07-2023 22:21;31-07-2023 18:48;58627
906;7;81834112322;Category_23;SHOP;23-08-2023 13:45;31-07-2023 14:43;49825
907;6;81319649586;Category_82;SHOP;20-06-2023 11:34;10-07-2023 05:05;54487
908;11;81068758389;Category_62;WEB;26-07-2023 22:55;05-08-2023 20:18;68478
909;7;81457738935;Category_60;SHOP;30-07-2023 00:01;10-08-2023 04:51;95650
910;3;81104200689;Category_25;SHOP;04-08-2023 01:30;06-08-2023 10:25;97442
911;2;81037645857;Category_95;SHOP;24-06-2023 23:47;22-08-2023 18:03;28836
912;9;81077595015;Category_76;SHOP;12-08-2023 17:29;19-06-2023 11:01;23610
913;10;81120114330;Category_53;WEB;04-07-2023 12:14;02-08-2023 21:58;46469
914;1;81374095779;Category_0;WEB;22-08-2023 16:40;08-06-2023 20:52;10837
915;9;81957154658;Category_51;WEB;21-08-2023 17:05;30-08-2023 19:40;73737
916;7;81132349638;Category_10;SHOP;31-08-2023 03:17;29-08-2023 05:57;94921
917;10;81923650517;Category_3;WEB;24-07-2023 04:43;13-08-2023 02:43;82082
918;11;81386910602;Category_18;SHOP;08-08-2023 21:14;24-08-2023 03:37;31136
919;5;81453247930;Category_62;WEB;23-07-2023 06:06;29-06-2023 10:49;93619
920;8;81546369400;Category_81;WEB;07-08-2023 01:32;20-06-2023 01:13;818
921;10;81057421950;Category_97;WEB;14-07-2023 18:32;09-08-2023 03:30;39843
922;8;81235471538;Category_23;SHOP;18-07-2023 07:41;07-07-2023 20:19;4202
923;4;81258327507;Category_0;SHOP;22-07-2023 11:37;09-07-2023 16:20;62585
924;7;81665196436;Category_86;SHOP;26-08-2023 06:45;29-06-2023 22:32;44138
925;7;81701165423;Category_70;SHOP;18-07-2023 02:21;04-07-2023 04:14;49254
926;7;81288635061;Category_48;WEB;30-07-2023 18:37;19-06-2023 10:45;78699
927;9;81434777219;Category_63;WEB;05-06-2023 10:28;25-06-2023 03:09;96789
928;3;81681284940;Category_38;SHOP;06-08-2023 15:03;22-06-2023 18:10;49360
929;6;81674053751;Category_6;SHOP;05-06-2023 05:47;09-08-2023 02:28;76260
930;10;81972615606;Category_1;WEB;14-06-2023 18:47;04-06-2023 12:02;85645
931;10;81624898708;Category_44;WEB;09-07-2023 21:36;27-06-2023 00:32;13749
932;1;81038616831;Category_68;SHOP;30-08-2023 09:25;27-07-2023 09:39;26159
933;6;81852885605;Category_68;SHOP;27-08-2023 18:42;18-07-2023 21:00;37938
934;3;81403024790;Category_97;SHOP;14-07-2023 20:18;19-07-2023 12:51;44749
935;5;81808987308;Category_61;SHOP;19-06-2023 03:42;20-07-2023 23:23;2522
936;7;81811044557;Category_28;SHOP;10-08-2023 20:28;15-06-2023 23:27;66439
937;8;81282692036;Category_41;SHOP;18-08-2023 04:07;02-07-2023 01:58;97224
938;4;81042644050;Category_62;WEB;29-06-2023 18:27;06-07-2023 22:43;91614
939;11;81087714372;Category_27;SHOP;02-08-2023 22:05;17-07-2023 18:13;77201
940;2;81287406810;Category_59;WEB;12-06-2023 22:27;16-08-2023 08:44;97348
941;11;81637887580;Category_99;WEB;19-08-2023 01:09;19-07-2023 08:22;63778
942;1;81408566537;Category_51;WEB;08-08-2023 05:02;03-07-2023 11:15;97567
943;3;81226697750;Category_20;SHOP;02-06-2023 22:51;30-07-2023 21:01;69630
944;1;81616548614;Category_70;WEB;10-08-2023 19:41;29-06-2023 17:06;50658
945;7;81954644417;Category_94;SHOP;30-06-2023 18:47;24-06-2023 17:52;77644
946;5;81672046804;Category_25;WEB;10-07-2023 14:37;17-08-2023 06:54;11139
947;11;81584502003;Category_18;WEB;25-08-2023 17:48;22-06-2023 15:17;25992
948;5;81320412769;Category_52;SHOP;03-07-2023 11:45;03-07-2023 16:02;54395
949;8;81539529756;Category_98;SHOP;05-07-2023 01:59;09-08-2023 06:45;37401
950;6;81007184919;Category_98;WEB;15-06-2023 20:13;29-08-2023 08:44;71278
951;4;81552491445;Category_16;WEB;25-08-2023 05:36;12-07-2023 06:01;45685
952;11;81166184781;Category_61;WEB;04-08-2023 10:31;20-08-2023 06:02;84657
953;5;81768896129;Category_86;SHOP;14-06-2023 11:02;20-08-2023 08:44;30971
954;7;81388695859;Category_16;SHOP;09-07-2023 15:08;13-07-2023 01:42;72496
955;1;81948221419;Category_62;WEB;06-06-2023 17:30;15-08-2023 16:15;81385
956;1;81106252273;Category_87;WEB;12-06-2023 14:02;24-06-2023 14:32;3024
957;2;81281569570;Category_32;SHOP;26-07-2023 11:58;14-06-2023 15:51;99776
958;11;81103329855;Category_37;WEB;07-07-2023 10:44;17-07-2023 13:14;4584
959;6;81200950761;Category_76;WEB;17-06-2023 02:32;19-08-2023 22:19;2036
960;7;81278180013;Category_54;SHOP;19-06-2023 21:27;14-07-2023 02:28;19968
961;9;81099288150;Category_2;SHOP;06-06-2023 22:34;06-06-2023 22:07;57342
962;3;81071877160;Category_12;WEB;09-07-2023 03:11;06-07-2023 21:33;4508
963;1;81813893422;Category_74;WEB;06-07-2023 16:17;13-07-2023 07:27;935
964;8;81064966688;Category_12;SHOP;03-07-2023 22:14;14-08-2023 09:43;44375
965;3;81232005638;Category_32;WEB;04-07-2023 14:25;03-08-2023 14:46;60160
966;7;81844297542;Category_24;WEB;25-07-2023 05:22;07-06-2023 20:21;54661
967;10;81651971613;Category_48;SHOP;29-06-2023 03:13;13-06-2023 21:16;30226
968;11;81835305735;Category_91;WEB;26-07-2023 06:12;09-06-2023 12:00;6565
969;8;81932743868;Category_63;SHOP;10-08-2023 04:22;25-07-2023 21:30;86532
970;2;81727226043;Category_91;WEB;15-06-2023 22:07;09-06-2023 11:54;29016
971;3;81522040993;Category_66;SHOP;31-08-2023 18:18;16-06-2023 09:45;22476
972;7;81722520554;Category_3;WEB;14-06-2023 16:44;13-07-2023 09:22;53810
973;5;81351595616;Category_65;SHOP;21-08-2023 20:09;26-07-2023 10:54;89442
974;4;81757137203;Category_49;SHOP;16-06-2023 15:24;22-08-2023 09:39;39307
975;3;81886272987;Category_54;SHOP;23-08-2023 19:02;14-06-2023 01:48;36026
976;11;81793087687;Category_37;SHOP;13-08-2023 16:12;01-08-2023 19:54;73058
977;4;81729834498;Category_23;SHOP;12-06-2023 12:26;10-08-2023 11:04;58990
978;9;81499859928;Category_55;SHOP;24-08-2023 12:50;20-06-2023 10:33;11251
979;4;81475569568;Category_40;SHOP;03-06-2023 19:44;07-07-2023 15:38;31246
980;2;81749444954;Category_68;WEB;22-08-2023 14:44;28-06-2023 16:19;77201
981;7;81905498840;Category_56;SHOP;09-06-2023 22:13;13-07-2023 06:36;59006
982;5;81350001614;Category_99;WEB;03-07-2023 04:45;05-08-2023 05:00;69174
983;10;81055322069;Category_49;WEB;11-07-2023 00:13;11-06-2023 08:40;30493
984;7;81849540614;Category_74;WEB;11-07-2023 03:37;08-07-2023 04:08;94811
985;6;81626714633;Category_63;SHOP;22-08-2023 20:36;23-07-2023 21:18;71703
986;10;81543778056;Category_26;WEB;11-06-2023 23:16;11-06-2023 11:08;78408
987;5;81557745655;Category_53;SHOP;22-08-2023 06:46;21-08-2023 07:24;83763
988;3;81615271016;Category_66;SHOP;13-07-2023 05:01;16-08-2023 04:36;15880
989;9;81628991806;Category_19;WEB;12-06-2023 06:47;01-07-2023 08:30;12454
990;2;81802329409;Category_60;SHOP;08-07-2023 04:56;11-08-2023 22:57;40001
991;2;81993562991;Category_17;SHOP;05-08-2023 06:37;14-08-2023 16:13;59590
992;6;81799409795;Category_85;WEB;20-06-2023 12:07;21-07-2023 17:12;96833
993;10;81660632083;Category_52;WEB;22-08-2023 20:16;15-06-2023 12:57;61197
994;8;81780243146;Category_76;WEB;02-08-2023 03:24;14-07-2023 03:24;24777
995;10;81745980693;Category_89;WEB;18-08-2023 11:21;12-08-2023 04:55;83551
996;8;81274211526;Category_71;SHOP;07-07-2023 13:51;23-07-2023 23:07;27984
997;1;81361642834;Category_94;SHOP;19-06-2023 08:52;29-06-2023 19:41;24548
998;2;81401067918;Category_86;SHOP;05-08-2023 14:16;15-07-2023 23:48;86366
999;9;81435765086;Category_57;WEB;15-08-2023 19:39;26-06-2023 01:33;66257
1000;5;81226846429;Category_0;WEB;31-08-2023 14:34;30-08-2023 00:07;79367